customer_id,customer_name,cohort,integration_type,customer_active,site_cams_total,cams_on_schedule,cams_orphan,schedules_running,schedules_paused,schedules_deleted,camera_id,camera_name,reason_class,reason
35870,500 North Ashley,B,autopatrol,True,12,0,12,0,0,1,402268,Conference,all-schedules-deleted,All 1 schedule(s) deleted; customer + cameras still in admin. Cohort-B-style (cleanup-pipeline candidate). Schedule titles: id=146 '500NA VCH Actuate Test 1' status=Deleted
35870,500 North Ashley,B,autopatrol,True,12,0,12,0,0,1,402269,Hallway,all-schedules-deleted,All 1 schedule(s) deleted; customer + cameras still in admin. Cohort-B-style (cleanup-pipeline candidate). Schedule titles: id=146 '500NA VCH Actuate Test 1' status=Deleted
35870,500 North Ashley,B,autopatrol,True,12,0,12,0,0,1,402270,Classroom,all-schedules-deleted,All 1 schedule(s) deleted; customer + cameras still in admin. Cohort-B-style (cleanup-pipeline candidate). Schedule titles: id=146 '500NA VCH Actuate Test 1' status=Deleted
35870,500 North Ashley,B,autopatrol,True,12,0,12,0,0,1,402271,Classroom 2,all-schedules-deleted,All 1 schedule(s) deleted; customer + cameras still in admin. Cohort-B-style (cleanup-pipeline candidate). Schedule titles: id=146 '500NA VCH Actuate Test 1' status=Deleted
35870,500 North Ashley,B,autopatrol,True,12,0,12,0,0,1,402272,Car Park,all-schedules-deleted,All 1 schedule(s) deleted; customer + cameras still in admin. Cohort-B-style (cleanup-pipeline candidate). Schedule titles: id=146 '500NA VCH Actuate Test 1' status=Deleted
35870,500 North Ashley,B,autopatrol,True,12,0,12,0,0,1,402273,Entrance,all-schedules-deleted,All 1 schedule(s) deleted; customer + cameras still in admin. Cohort-B-style (cleanup-pipeline candidate). Schedule titles: id=146 '500NA VCH Actuate Test 1' status=Deleted
35870,500 North Ashley,B,autopatrol,True,12,0,12,0,0,1,402274,Lounge,all-schedules-deleted,All 1 schedule(s) deleted; customer + cameras still in admin. Cohort-B-style (cleanup-pipeline candidate). Schedule titles: id=146 '500NA VCH Actuate Test 1' status=Deleted
35870,500 North Ashley,B,autopatrol,True,12,0,12,0,0,1,402275,Waiting Room,all-schedules-deleted,All 1 schedule(s) deleted; customer + cameras still in admin. Cohort-B-style (cleanup-pipeline candidate). Schedule titles: id=146 '500NA VCH Actuate Test 1' status=Deleted
35870,500 North Ashley,B,autopatrol,True,12,0,12,0,0,1,402276,Stairs,all-schedules-deleted,All 1 schedule(s) deleted; customer + cameras still in admin. Cohort-B-style (cleanup-pipeline candidate). Schedule titles: id=146 '500NA VCH Actuate Test 1' status=Deleted
35870,500 North Ashley,B,autopatrol,True,12,0,12,0,0,1,402277,Lifts,all-schedules-deleted,All 1 schedule(s) deleted; customer + cameras still in admin. Cohort-B-style (cleanup-pipeline candidate). Schedule titles: id=146 '500NA VCH Actuate Test 1' status=Deleted
35870,500 North Ashley,B,autopatrol,True,12,0,12,0,0,1,402278,Lifts 2,all-schedules-deleted,All 1 schedule(s) deleted; customer + cameras still in admin. Cohort-B-style (cleanup-pipeline candidate). Schedule titles: id=146 '500NA VCH Actuate Test 1' status=Deleted
35870,500 North Ashley,B,autopatrol,True,12,0,12,0,0,1,402279,River Front,all-schedules-deleted,All 1 schedule(s) deleted; customer + cameras still in admin. Cohort-B-style (cleanup-pipeline candidate). Schedule titles: id=146 '500NA VCH Actuate Test 1' status=Deleted
35876,London,B,autopatrol,True,7,0,7,0,0,1,402347,Stairs,all-schedules-deleted,All 1 schedule(s) deleted; customer + cameras still in admin. Cohort-B-style (cleanup-pipeline candidate). Schedule titles: id=148 'London VCH Actuate Test 1' status=Deleted
35876,London,B,autopatrol,True,7,0,7,0,0,1,402348,Lifts,all-schedules-deleted,All 1 schedule(s) deleted; customer + cameras still in admin. Cohort-B-style (cleanup-pipeline candidate). Schedule titles: id=148 'London VCH Actuate Test 1' status=Deleted
35876,London,B,autopatrol,True,7,0,7,0,0,1,402349,Lifts 2,all-schedules-deleted,All 1 schedule(s) deleted; customer + cameras still in admin. Cohort-B-style (cleanup-pipeline candidate). Schedule titles: id=148 'London VCH Actuate Test 1' status=Deleted
35876,London,B,autopatrol,True,7,0,7,0,0,1,402350,River Front,all-schedules-deleted,All 1 schedule(s) deleted; customer + cameras still in admin. Cohort-B-style (cleanup-pipeline candidate). Schedule titles: id=148 'London VCH Actuate Test 1' status=Deleted
35876,London,B,autopatrol,True,7,0,7,0,0,1,402351,Stairwell (Empty),all-schedules-deleted,All 1 schedule(s) deleted; customer + cameras still in admin. Cohort-B-style (cleanup-pipeline candidate). Schedule titles: id=148 'London VCH Actuate Test 1' status=Deleted
35876,London,B,autopatrol,True,7,0,7,0,0,1,402352,Office outside,all-schedules-deleted,All 1 schedule(s) deleted; customer + cameras still in admin. Cohort-B-style (cleanup-pipeline candidate). Schedule titles: id=148 'London VCH Actuate Test 1' status=Deleted
35876,London,B,autopatrol,True,7,0,7,0,0,1,402353,Dahua Dome 1,all-schedules-deleted,All 1 schedule(s) deleted; customer + cameras still in admin. Cohort-B-style (cleanup-pipeline candidate). Schedule titles: id=148 'London VCH Actuate Test 1' status=Deleted
35877,New York,B,autopatrol,True,6,0,6,0,0,1,402354,Car Park,all-schedules-deleted,All 1 schedule(s) deleted; customer + cameras still in admin. Cohort-B-style (cleanup-pipeline candidate). Schedule titles: id=149 'New York VCH Actuate Test 1' status=Deleted
35877,New York,B,autopatrol,True,6,0,6,0,0,1,402355,Entrance,all-schedules-deleted,All 1 schedule(s) deleted; customer + cameras still in admin. Cohort-B-style (cleanup-pipeline candidate). Schedule titles: id=149 'New York VCH Actuate Test 1' status=Deleted
35877,New York,B,autopatrol,True,6,0,6,0,0,1,402356,Lounge,all-schedules-deleted,All 1 schedule(s) deleted; customer + cameras still in admin. Cohort-B-style (cleanup-pipeline candidate). Schedule titles: id=149 'New York VCH Actuate Test 1' status=Deleted
35877,New York,B,autopatrol,True,6,0,6,0,0,1,402357,Waiting Room,all-schedules-deleted,All 1 schedule(s) deleted; customer + cameras still in admin. Cohort-B-style (cleanup-pipeline candidate). Schedule titles: id=149 'New York VCH Actuate Test 1' status=Deleted
35877,New York,B,autopatrol,True,6,0,6,0,0,1,402358,Building Side Entrance (Empty),all-schedules-deleted,All 1 schedule(s) deleted; customer + cameras still in admin. Cohort-B-style (cleanup-pipeline candidate). Schedule titles: id=149 'New York VCH Actuate Test 1' status=Deleted
35877,New York,B,autopatrol,True,6,0,6,0,0,1,402359,Tenant Lounge (Door Opens),all-schedules-deleted,All 1 schedule(s) deleted; customer + cameras still in admin. Cohort-B-style (cleanup-pipeline candidate). Schedule titles: id=149 'New York VCH Actuate Test 1' status=Deleted
35878,400 North Ashley,B,autopatrol,True,18,0,18,0,0,3,402360,Conference,all-schedules-deleted,All 3 schedule(s) deleted; customer + cameras still in admin. Cohort-B-style (cleanup-pipeline candidate). Schedule titles: id=153 '400NA AP Actuate Daily 11:00' status=Deleted; id=152 '400NA AP Actuate Sat/Sun 13:00' status=Deleted; id=147 '400NA VCH Actuate Test 1' status=Deleted
35878,400 North Ashley,B,autopatrol,True,18,0,18,0,0,3,402361,Classroom,all-schedules-deleted,All 3 schedule(s) deleted; customer + cameras still in admin. Cohort-B-style (cleanup-pipeline candidate). Schedule titles: id=153 '400NA AP Actuate Daily 11:00' status=Deleted; id=152 '400NA AP Actuate Sat/Sun 13:00' status=Deleted; id=147 '400NA VCH Actuate Test 1' status=Deleted
35878,400 North Ashley,B,autopatrol,True,18,0,18,0,0,3,402362,Classroom 2,all-schedules-deleted,All 3 schedule(s) deleted; customer + cameras still in admin. Cohort-B-style (cleanup-pipeline candidate). Schedule titles: id=153 '400NA AP Actuate Daily 11:00' status=Deleted; id=152 '400NA AP Actuate Sat/Sun 13:00' status=Deleted; id=147 '400NA VCH Actuate Test 1' status=Deleted
35878,400 North Ashley,B,autopatrol,True,18,0,18,0,0,3,402363,Conference Room (Empty),all-schedules-deleted,All 3 schedule(s) deleted; customer + cameras still in admin. Cohort-B-style (cleanup-pipeline candidate). Schedule titles: id=153 '400NA AP Actuate Daily 11:00' status=Deleted; id=152 '400NA AP Actuate Sat/Sun 13:00' status=Deleted; id=147 '400NA VCH Actuate Test 1' status=Deleted
35878,400 North Ashley,B,autopatrol,True,18,0,18,0,0,3,402364,Corridor (Door Opens),all-schedules-deleted,All 3 schedule(s) deleted; customer + cameras still in admin. Cohort-B-style (cleanup-pipeline candidate). Schedule titles: id=153 '400NA AP Actuate Daily 11:00' status=Deleted; id=152 '400NA AP Actuate Sat/Sun 13:00' status=Deleted; id=147 '400NA VCH Actuate Test 1' status=Deleted
35878,400 North Ashley,B,autopatrol,True,18,0,18,0,0,3,402365,Conference Room Again,all-schedules-deleted,All 3 schedule(s) deleted; customer + cameras still in admin. Cohort-B-style (cleanup-pipeline candidate). Schedule titles: id=153 '400NA AP Actuate Daily 11:00' status=Deleted; id=152 '400NA AP Actuate Sat/Sun 13:00' status=Deleted; id=147 '400NA VCH Actuate Test 1' status=Deleted
35878,400 North Ashley,B,autopatrol,True,18,0,18,0,0,3,402366,Corridor,all-schedules-deleted,All 3 schedule(s) deleted; customer + cameras still in admin. Cohort-B-style (cleanup-pipeline candidate). Schedule titles: id=153 '400NA AP Actuate Daily 11:00' status=Deleted; id=152 '400NA AP Actuate Sat/Sun 13:00' status=Deleted; id=147 '400NA VCH Actuate Test 1' status=Deleted
35878,400 North Ashley,B,autopatrol,True,18,0,18,0,0,3,402367,Main Office,all-schedules-deleted,All 3 schedule(s) deleted; customer + cameras still in admin. Cohort-B-style (cleanup-pipeline candidate). Schedule titles: id=153 '400NA AP Actuate Daily 11:00' status=Deleted; id=152 '400NA AP Actuate Sat/Sun 13:00' status=Deleted; id=147 '400NA VCH Actuate Test 1' status=Deleted
35878,400 North Ashley,B,autopatrol,True,18,0,18,0,0,3,402368,City,all-schedules-deleted,All 3 schedule(s) deleted; customer + cameras still in admin. Cohort-B-style (cleanup-pipeline candidate). Schedule titles: id=153 '400NA AP Actuate Daily 11:00' status=Deleted; id=152 '400NA AP Actuate Sat/Sun 13:00' status=Deleted; id=147 '400NA VCH Actuate Test 1' status=Deleted
35878,400 North Ashley,B,autopatrol,True,18,0,18,0,0,3,402369,Building Side Entrance,all-schedules-deleted,All 3 schedule(s) deleted; customer + cameras still in admin. Cohort-B-style (cleanup-pipeline candidate). Schedule titles: id=153 '400NA AP Actuate Daily 11:00' status=Deleted; id=152 '400NA AP Actuate Sat/Sun 13:00' status=Deleted; id=147 '400NA VCH Actuate Test 1' status=Deleted
35878,400 North Ashley,B,autopatrol,True,18,0,18,0,0,3,402370,Tenant Lounge Entrance,all-schedules-deleted,All 3 schedule(s) deleted; customer + cameras still in admin. Cohort-B-style (cleanup-pipeline candidate). Schedule titles: id=153 '400NA AP Actuate Daily 11:00' status=Deleted; id=152 '400NA AP Actuate Sat/Sun 13:00' status=Deleted; id=147 '400NA VCH Actuate Test 1' status=Deleted
35878,400 North Ashley,B,autopatrol,True,18,0,18,0,0,3,402371,Tenant Lounge,all-schedules-deleted,All 3 schedule(s) deleted; customer + cameras still in admin. Cohort-B-style (cleanup-pipeline candidate). Schedule titles: id=153 '400NA AP Actuate Daily 11:00' status=Deleted; id=152 '400NA AP Actuate Sat/Sun 13:00' status=Deleted; id=147 '400NA VCH Actuate Test 1' status=Deleted
35878,400 North Ashley,B,autopatrol,True,18,0,18,0,0,3,402372,Stairwell,all-schedules-deleted,All 3 schedule(s) deleted; customer + cameras still in admin. Cohort-B-style (cleanup-pipeline candidate). Schedule titles: id=153 '400NA AP Actuate Daily 11:00' status=Deleted; id=152 '400NA AP Actuate Sat/Sun 13:00' status=Deleted; id=147 '400NA VCH Actuate Test 1' status=Deleted
35878,400 North Ashley,B,autopatrol,True,18,0,18,0,0,3,402373,Stairwell Entrance,all-schedules-deleted,All 3 schedule(s) deleted; customer + cameras still in admin. Cohort-B-style (cleanup-pipeline candidate). Schedule titles: id=153 '400NA AP Actuate Daily 11:00' status=Deleted; id=152 '400NA AP Actuate Sat/Sun 13:00' status=Deleted; id=147 '400NA VCH Actuate Test 1' status=Deleted
35878,400 North Ashley,B,autopatrol,True,18,0,18,0,0,3,402374,Elevator,all-schedules-deleted,All 3 schedule(s) deleted; customer + cameras still in admin. Cohort-B-style (cleanup-pipeline candidate). Schedule titles: id=153 '400NA AP Actuate Daily 11:00' status=Deleted; id=152 '400NA AP Actuate Sat/Sun 13:00' status=Deleted; id=147 '400NA VCH Actuate Test 1' status=Deleted
35878,400 North Ashley,B,autopatrol,True,18,0,18,0,0,3,402375,Riverwalk,all-schedules-deleted,All 3 schedule(s) deleted; customer + cameras still in admin. Cohort-B-style (cleanup-pipeline candidate). Schedule titles: id=153 '400NA AP Actuate Daily 11:00' status=Deleted; id=152 '400NA AP Actuate Sat/Sun 13:00' status=Deleted; id=147 '400NA VCH Actuate Test 1' status=Deleted
35878,400 North Ashley,B,autopatrol,True,18,0,18,0,0,3,402376,Fight1-1,all-schedules-deleted,All 3 schedule(s) deleted; customer + cameras still in admin. Cohort-B-style (cleanup-pipeline candidate). Schedule titles: id=153 '400NA AP Actuate Daily 11:00' status=Deleted; id=152 '400NA AP Actuate Sat/Sun 13:00' status=Deleted; id=147 '400NA VCH Actuate Test 1' status=Deleted
35878,400 North Ashley,B,autopatrol,True,18,0,18,0,0,3,402377,Dahua Dome 1,all-schedules-deleted,All 3 schedule(s) deleted; customer + cameras still in admin. Cohort-B-style (cleanup-pipeline candidate). Schedule titles: id=153 '400NA AP Actuate Daily 11:00' status=Deleted; id=152 '400NA AP Actuate Sat/Sun 13:00' status=Deleted; id=147 '400NA VCH Actuate Test 1' status=Deleted
37167,Guardian Test,B,autopatrol,True,1,0,1,0,0,1,410457,ABBX-SAY2-IMCZ,all-schedules-deleted,All 1 schedule(s) deleted; customer + cameras still in admin. Cohort-B-style (cleanup-pipeline candidate). Schedule titles: id=120 'test' status=Deleted
37255,Site 4,B,autopatrol,True,4,0,4,0,0,3,410912,Stored Video camera (1),all-schedules-deleted,All 3 schedule(s) deleted; customer + cameras still in admin. Cohort-B-style (cleanup-pipeline candidate). Schedule titles: id=124 'Demo VCH' status=Deleted; id=166 'VCH' status=Deleted; id=173 'VCH 2' status=Deleted
37255,Site 4,B,autopatrol,True,4,0,4,0,0,3,410913,2 camera (1),all-schedules-deleted,All 3 schedule(s) deleted; customer + cameras still in admin. Cohort-B-style (cleanup-pipeline candidate). Schedule titles: id=124 'Demo VCH' status=Deleted; id=166 'VCH' status=Deleted; id=173 'VCH 2' status=Deleted
37255,Site 4,B,autopatrol,True,4,0,4,0,0,3,410914,4 camera (1),all-schedules-deleted,All 3 schedule(s) deleted; customer + cameras still in admin. Cohort-B-style (cleanup-pipeline candidate). Schedule titles: id=124 'Demo VCH' status=Deleted; id=166 'VCH' status=Deleted; id=173 'VCH 2' status=Deleted
37255,Site 4,B,autopatrol,True,4,0,4,0,0,3,410915,6 camera (1),all-schedules-deleted,All 3 schedule(s) deleted; customer + cameras still in admin. Cohort-B-style (cleanup-pipeline candidate). Schedule titles: id=124 'Demo VCH' status=Deleted; id=166 'VCH' status=Deleted; id=173 'VCH 2' status=Deleted
37325,Site 3,B,autopatrol,True,7,0,7,0,0,3,411357,Store camera (1),all-schedules-deleted,All 3 schedule(s) deleted; customer + cameras still in admin. Cohort-B-style (cleanup-pipeline candidate). Schedule titles: id=170 'Raise' status=Deleted; id=190 'VCH' status=Deleted; id=257 'VCH Demo' status=Deleted
37325,Site 3,B,autopatrol,True,7,0,7,0,0,3,411358,Lot 1,all-schedules-deleted,All 3 schedule(s) deleted; customer + cameras still in admin. Cohort-B-style (cleanup-pipeline candidate). Schedule titles: id=170 'Raise' status=Deleted; id=190 'VCH' status=Deleted; id=257 'VCH Demo' status=Deleted
37325,Site 3,B,autopatrol,True,7,0,7,0,0,3,411359,Lot 2,all-schedules-deleted,All 3 schedule(s) deleted; customer + cameras still in admin. Cohort-B-style (cleanup-pipeline candidate). Schedule titles: id=170 'Raise' status=Deleted; id=190 'VCH' status=Deleted; id=257 'VCH Demo' status=Deleted
37325,Site 3,B,autopatrol,True,7,0,7,0,0,3,411382,Stored Video camera (1),all-schedules-deleted,All 3 schedule(s) deleted; customer + cameras still in admin. Cohort-B-style (cleanup-pipeline candidate). Schedule titles: id=170 'Raise' status=Deleted; id=190 'VCH' status=Deleted; id=257 'VCH Demo' status=Deleted
37325,Site 3,B,autopatrol,True,7,0,7,0,0,3,411383,Cam 5 camera (1),all-schedules-deleted,All 3 schedule(s) deleted; customer + cameras still in admin. Cohort-B-style (cleanup-pipeline candidate). Schedule titles: id=170 'Raise' status=Deleted; id=190 'VCH' status=Deleted; id=257 'VCH Demo' status=Deleted
37325,Site 3,B,autopatrol,True,7,0,7,0,0,3,411385,Waiting room camera (1),all-schedules-deleted,All 3 schedule(s) deleted; customer + cameras still in admin. Cohort-B-style (cleanup-pipeline candidate). Schedule titles: id=170 'Raise' status=Deleted; id=190 'VCH' status=Deleted; id=257 'VCH Demo' status=Deleted
37325,Site 3,B,autopatrol,True,7,0,7,0,0,3,411386,Factory 1 camera (1),all-schedules-deleted,All 3 schedule(s) deleted; customer + cameras still in admin. Cohort-B-style (cleanup-pipeline candidate). Schedule titles: id=170 'Raise' status=Deleted; id=190 'VCH' status=Deleted; id=257 'VCH Demo' status=Deleted
37458,400 North Ashley GF 1 (1),B,autopatrol,True,12,0,12,0,0,1,412320,Conference Room,all-schedules-deleted,All 1 schedule(s) deleted; customer + cameras still in admin. Cohort-B-style (cleanup-pipeline candidate). Schedule titles: id=136 'asdfasdf' status=Deleted
37458,400 North Ashley GF 1 (1),B,autopatrol,True,12,0,12,0,0,1,412321,Main Office,all-schedules-deleted,All 1 schedule(s) deleted; customer + cameras still in admin. Cohort-B-style (cleanup-pipeline candidate). Schedule titles: id=136 'asdfasdf' status=Deleted
37458,400 North Ashley GF 1 (1),B,autopatrol,True,12,0,12,0,0,1,412322,Corridor,all-schedules-deleted,All 1 schedule(s) deleted; customer + cameras still in admin. Cohort-B-style (cleanup-pipeline candidate). Schedule titles: id=136 'asdfasdf' status=Deleted
37458,400 North Ashley GF 1 (1),B,autopatrol,True,12,0,12,0,0,1,412323,Finance Office,all-schedules-deleted,All 1 schedule(s) deleted; customer + cameras still in admin. Cohort-B-style (cleanup-pipeline candidate). Schedule titles: id=136 'asdfasdf' status=Deleted
37458,400 North Ashley GF 1 (1),B,autopatrol,True,12,0,12,0,0,1,412324,City,all-schedules-deleted,All 1 schedule(s) deleted; customer + cameras still in admin. Cohort-B-style (cleanup-pipeline candidate). Schedule titles: id=136 'asdfasdf' status=Deleted
37458,400 North Ashley GF 1 (1),B,autopatrol,True,12,0,12,0,0,1,412325,Building Side Entrance,all-schedules-deleted,All 1 schedule(s) deleted; customer + cameras still in admin. Cohort-B-style (cleanup-pipeline candidate). Schedule titles: id=136 'asdfasdf' status=Deleted
37458,400 North Ashley GF 1 (1),B,autopatrol,True,12,0,12,0,0,1,412326,Tenant Lounge,all-schedules-deleted,All 1 schedule(s) deleted; customer + cameras still in admin. Cohort-B-style (cleanup-pipeline candidate). Schedule titles: id=136 'asdfasdf' status=Deleted
37458,400 North Ashley GF 1 (1),B,autopatrol,True,12,0,12,0,0,1,412327,Tenant Lounge Entrance,all-schedules-deleted,All 1 schedule(s) deleted; customer + cameras still in admin. Cohort-B-style (cleanup-pipeline candidate). Schedule titles: id=136 'asdfasdf' status=Deleted
37458,400 North Ashley GF 1 (1),B,autopatrol,True,12,0,12,0,0,1,412328,Stairwell,all-schedules-deleted,All 1 schedule(s) deleted; customer + cameras still in admin. Cohort-B-style (cleanup-pipeline candidate). Schedule titles: id=136 'asdfasdf' status=Deleted
37458,400 North Ashley GF 1 (1),B,autopatrol,True,12,0,12,0,0,1,412329,Stairwell Entrance,all-schedules-deleted,All 1 schedule(s) deleted; customer + cameras still in admin. Cohort-B-style (cleanup-pipeline candidate). Schedule titles: id=136 'asdfasdf' status=Deleted
37458,400 North Ashley GF 1 (1),B,autopatrol,True,12,0,12,0,0,1,412330,Elevator,all-schedules-deleted,All 1 schedule(s) deleted; customer + cameras still in admin. Cohort-B-style (cleanup-pipeline candidate). Schedule titles: id=136 'asdfasdf' status=Deleted
37458,400 North Ashley GF 1 (1),B,autopatrol,True,12,0,12,0,0,1,412331,Riverwalk,all-schedules-deleted,All 1 schedule(s) deleted; customer + cameras still in admin. Cohort-B-style (cleanup-pipeline candidate). Schedule titles: id=136 'asdfasdf' status=Deleted
37980,hanwha,B,autopatrol,True,13,0,13,0,0,1,416279,ECBsmntRm14,all-schedules-deleted,All 1 schedule(s) deleted; customer + cameras still in admin. Cohort-B-style (cleanup-pipeline candidate). Schedule titles: id=157 'Test Device Workers 1' status=Deleted
37980,hanwha,B,autopatrol,True,13,0,13,0,0,1,416280,EG2ndFlrElevatorLobby,all-schedules-deleted,All 1 schedule(s) deleted; customer + cameras still in admin. Cohort-B-style (cleanup-pipeline candidate). Schedule titles: id=157 'Test Device Workers 1' status=Deleted
37980,hanwha,B,autopatrol,True,13,0,13,0,0,1,416281,ECBsmntRm18,all-schedules-deleted,All 1 schedule(s) deleted; customer + cameras still in admin. Cohort-B-style (cleanup-pipeline candidate). Schedule titles: id=157 'Test Device Workers 1' status=Deleted
37980,hanwha,B,autopatrol,True,13,0,13,0,0,1,416282,ECRoofStairs,all-schedules-deleted,All 1 schedule(s) deleted; customer + cameras still in admin. Cohort-B-style (cleanup-pipeline candidate). Schedule titles: id=157 'Test Device Workers 1' status=Deleted
37980,hanwha,B,autopatrol,True,13,0,13,0,0,1,416283,EGTherapyRoom3,all-schedules-deleted,All 1 schedule(s) deleted; customer + cameras still in admin. Cohort-B-style (cleanup-pipeline candidate). Schedule titles: id=157 'Test Device Workers 1' status=Deleted
37980,hanwha,B,autopatrol,True,13,0,13,0,0,1,416284,EG2ndFlrOfficeNurseEntrance,all-schedules-deleted,All 1 schedule(s) deleted; customer + cameras still in admin. Cohort-B-style (cleanup-pipeline candidate). Schedule titles: id=157 'Test Device Workers 1' status=Deleted
37980,hanwha,B,autopatrol,True,13,0,13,0,0,1,416285,EGAveYMcDonald,all-schedules-deleted,All 1 schedule(s) deleted; customer + cameras still in admin. Cohort-B-style (cleanup-pipeline candidate). Schedule titles: id=157 'Test Device Workers 1' status=Deleted
37980,hanwha,B,autopatrol,True,13,0,13,0,0,1,416286,EGRoom312,all-schedules-deleted,All 1 schedule(s) deleted; customer + cameras still in admin. Cohort-B-style (cleanup-pipeline candidate). Schedule titles: id=157 'Test Device Workers 1' status=Deleted
37980,hanwha,B,autopatrol,True,13,0,13,0,0,1,416287,ECAveMEntrance,all-schedules-deleted,All 1 schedule(s) deleted; customer + cameras still in admin. Cohort-B-style (cleanup-pipeline candidate). Schedule titles: id=157 'Test Device Workers 1' status=Deleted
37980,hanwha,B,autopatrol,True,13,0,13,0,0,1,416288,BHSRoom111,all-schedules-deleted,All 1 schedule(s) deleted; customer + cameras still in admin. Cohort-B-style (cleanup-pipeline candidate). Schedule titles: id=157 'Test Device Workers 1' status=Deleted
37980,hanwha,B,autopatrol,True,13,0,13,0,0,1,416289,EG2ndFlrHallway,all-schedules-deleted,All 1 schedule(s) deleted; customer + cameras still in admin. Cohort-B-style (cleanup-pipeline candidate). Schedule titles: id=157 'Test Device Workers 1' status=Deleted
37980,hanwha,B,autopatrol,True,13,0,13,0,0,1,416290,EBRoom310,all-schedules-deleted,All 1 schedule(s) deleted; customer + cameras still in admin. Cohort-B-style (cleanup-pipeline candidate). Schedule titles: id=157 'Test Device Workers 1' status=Deleted
37980,hanwha,B,autopatrol,True,13,0,13,0,0,1,416291,EGRoom318,all-schedules-deleted,All 1 schedule(s) deleted; customer + cameras still in admin. Cohort-B-style (cleanup-pipeline candidate). Schedule titles: id=157 'Test Device Workers 1' status=Deleted
38235,EB,B,autopatrol,True,3,0,3,0,0,3,417857,Hallway Alarm camera (1),all-schedules-deleted,All 3 schedule(s) deleted; customer + cameras still in admin. Cohort-B-style (cleanup-pipeline candidate). Schedule titles: id=168 'Raise' status=Deleted; id=167 'Remote Patrol for Persons Afterhours' status=Deleted; id=174 'VCH 2' status=Deleted
38235,EB,B,autopatrol,True,3,0,3,0,0,3,417858,Office Alarm camera (1),all-schedules-deleted,All 3 schedule(s) deleted; customer + cameras still in admin. Cohort-B-style (cleanup-pipeline candidate). Schedule titles: id=168 'Raise' status=Deleted; id=167 'Remote Patrol for Persons Afterhours' status=Deleted; id=174 'VCH 2' status=Deleted
38235,EB,B,autopatrol,True,3,0,3,0,0,3,417859,Office 2 Alarm camera (1),all-schedules-deleted,All 3 schedule(s) deleted; customer + cameras still in admin. Cohort-B-style (cleanup-pipeline candidate). Schedule titles: id=168 'Raise' status=Deleted; id=167 'Remote Patrol for Persons Afterhours' status=Deleted; id=174 'VCH 2' status=Deleted
38314,Lab Hik,B,autopatrol,True,16,0,16,0,0,2,418349,IP Camera 1,all-schedules-deleted,All 2 schedule(s) deleted; customer + cameras still in admin. Cohort-B-style (cleanup-pipeline candidate). Schedule titles: id=185 'Raise' status=Deleted; id=172 'VCH 2' status=Deleted
38314,Lab Hik,B,autopatrol,True,16,0,16,0,0,2,418350,IP Camera 2,all-schedules-deleted,All 2 schedule(s) deleted; customer + cameras still in admin. Cohort-B-style (cleanup-pipeline candidate). Schedule titles: id=185 'Raise' status=Deleted; id=172 'VCH 2' status=Deleted
38314,Lab Hik,B,autopatrol,True,16,0,16,0,0,2,418351,IP Camera 3,all-schedules-deleted,All 2 schedule(s) deleted; customer + cameras still in admin. Cohort-B-style (cleanup-pipeline candidate). Schedule titles: id=185 'Raise' status=Deleted; id=172 'VCH 2' status=Deleted
38314,Lab Hik,B,autopatrol,True,16,0,16,0,0,2,418352,IP Camera 4,all-schedules-deleted,All 2 schedule(s) deleted; customer + cameras still in admin. Cohort-B-style (cleanup-pipeline candidate). Schedule titles: id=185 'Raise' status=Deleted; id=172 'VCH 2' status=Deleted
38314,Lab Hik,B,autopatrol,True,16,0,16,0,0,2,418353,IP Camera 5,all-schedules-deleted,All 2 schedule(s) deleted; customer + cameras still in admin. Cohort-B-style (cleanup-pipeline candidate). Schedule titles: id=185 'Raise' status=Deleted; id=172 'VCH 2' status=Deleted
38314,Lab Hik,B,autopatrol,True,16,0,16,0,0,2,418354,IP Camera 6,all-schedules-deleted,All 2 schedule(s) deleted; customer + cameras still in admin. Cohort-B-style (cleanup-pipeline candidate). Schedule titles: id=185 'Raise' status=Deleted; id=172 'VCH 2' status=Deleted
38314,Lab Hik,B,autopatrol,True,16,0,16,0,0,2,418355,IP Camera 7,all-schedules-deleted,All 2 schedule(s) deleted; customer + cameras still in admin. Cohort-B-style (cleanup-pipeline candidate). Schedule titles: id=185 'Raise' status=Deleted; id=172 'VCH 2' status=Deleted
38314,Lab Hik,B,autopatrol,True,16,0,16,0,0,2,418356,IP Camera 8,all-schedules-deleted,All 2 schedule(s) deleted; customer + cameras still in admin. Cohort-B-style (cleanup-pipeline candidate). Schedule titles: id=185 'Raise' status=Deleted; id=172 'VCH 2' status=Deleted
38314,Lab Hik,B,autopatrol,True,16,0,16,0,0,2,418357,IP Camera 9,all-schedules-deleted,All 2 schedule(s) deleted; customer + cameras still in admin. Cohort-B-style (cleanup-pipeline candidate). Schedule titles: id=185 'Raise' status=Deleted; id=172 'VCH 2' status=Deleted
38314,Lab Hik,B,autopatrol,True,16,0,16,0,0,2,418358,IP Camera 10,all-schedules-deleted,All 2 schedule(s) deleted; customer + cameras still in admin. Cohort-B-style (cleanup-pipeline candidate). Schedule titles: id=185 'Raise' status=Deleted; id=172 'VCH 2' status=Deleted
38314,Lab Hik,B,autopatrol,True,16,0,16,0,0,2,418359,IP Camera 11,all-schedules-deleted,All 2 schedule(s) deleted; customer + cameras still in admin. Cohort-B-style (cleanup-pipeline candidate). Schedule titles: id=185 'Raise' status=Deleted; id=172 'VCH 2' status=Deleted
38314,Lab Hik,B,autopatrol,True,16,0,16,0,0,2,418360,IP Camera 12,all-schedules-deleted,All 2 schedule(s) deleted; customer + cameras still in admin. Cohort-B-style (cleanup-pipeline candidate). Schedule titles: id=185 'Raise' status=Deleted; id=172 'VCH 2' status=Deleted
38314,Lab Hik,B,autopatrol,True,16,0,16,0,0,2,418361,IP Camera 13,all-schedules-deleted,All 2 schedule(s) deleted; customer + cameras still in admin. Cohort-B-style (cleanup-pipeline candidate). Schedule titles: id=185 'Raise' status=Deleted; id=172 'VCH 2' status=Deleted
38314,Lab Hik,B,autopatrol,True,16,0,16,0,0,2,418362,IP Camera 14,all-schedules-deleted,All 2 schedule(s) deleted; customer + cameras still in admin. Cohort-B-style (cleanup-pipeline candidate). Schedule titles: id=185 'Raise' status=Deleted; id=172 'VCH 2' status=Deleted
38314,Lab Hik,B,autopatrol,True,16,0,16,0,0,2,418363,IP Camera 15,all-schedules-deleted,All 2 schedule(s) deleted; customer + cameras still in admin. Cohort-B-style (cleanup-pipeline candidate). Schedule titles: id=185 'Raise' status=Deleted; id=172 'VCH 2' status=Deleted
38314,Lab Hik,B,autopatrol,True,16,0,16,0,0,2,418364,IP Camera 16,all-schedules-deleted,All 2 schedule(s) deleted; customer + cameras still in admin. Cohort-B-style (cleanup-pipeline candidate). Schedule titles: id=185 'Raise' status=Deleted; id=172 'VCH 2' status=Deleted
38315,AB,B,autopatrol,True,3,0,3,0,0,2,418365,Hallway Alarm camera (1),all-schedules-deleted,All 2 schedule(s) deleted; customer + cameras still in admin. Cohort-B-style (cleanup-pipeline candidate). Schedule titles: id=186 'Raise' status=Deleted; id=175 'VCH 2' status=Deleted
38315,AB,B,autopatrol,True,3,0,3,0,0,2,418366,Office Alarm camera (1),all-schedules-deleted,All 2 schedule(s) deleted; customer + cameras still in admin. Cohort-B-style (cleanup-pipeline candidate). Schedule titles: id=186 'Raise' status=Deleted; id=175 'VCH 2' status=Deleted
38315,AB,B,autopatrol,True,3,0,3,0,0,2,418367,Office 2 Alarm camera (1),all-schedules-deleted,All 2 schedule(s) deleted; customer + cameras still in admin. Cohort-B-style (cleanup-pipeline candidate). Schedule titles: id=186 'Raise' status=Deleted; id=175 'VCH 2' status=Deleted
38317,NS,B,autopatrol,True,3,0,3,0,0,2,418371,Hallway Alarm camera (1),all-schedules-deleted,All 2 schedule(s) deleted; customer + cameras still in admin. Cohort-B-style (cleanup-pipeline candidate). Schedule titles: id=188 'Raise' status=Deleted; id=177 'VCH 2' status=Deleted
38317,NS,B,autopatrol,True,3,0,3,0,0,2,418372,Office Alarm camera (1),all-schedules-deleted,All 2 schedule(s) deleted; customer + cameras still in admin. Cohort-B-style (cleanup-pipeline candidate). Schedule titles: id=188 'Raise' status=Deleted; id=177 'VCH 2' status=Deleted
38317,NS,B,autopatrol,True,3,0,3,0,0,2,418373,Office 2 Alarm camera (1),all-schedules-deleted,All 2 schedule(s) deleted; customer + cameras still in admin. Cohort-B-style (cleanup-pipeline candidate). Schedule titles: id=188 'Raise' status=Deleted; id=177 'VCH 2' status=Deleted
38318,McCall,B,autopatrol,True,3,0,3,0,0,2,418374,Hallway Alarm camera (1),all-schedules-deleted,All 2 schedule(s) deleted; customer + cameras still in admin. Cohort-B-style (cleanup-pipeline candidate). Schedule titles: id=189 'Raise' status=Deleted; id=178 'VCH 2' status=Deleted
38318,McCall,B,autopatrol,True,3,0,3,0,0,2,418375,Office Alarm camera (1),all-schedules-deleted,All 2 schedule(s) deleted; customer + cameras still in admin. Cohort-B-style (cleanup-pipeline candidate). Schedule titles: id=189 'Raise' status=Deleted; id=178 'VCH 2' status=Deleted
38318,McCall,B,autopatrol,True,3,0,3,0,0,2,418376,Office 2 Alarm camera (1),all-schedules-deleted,All 2 schedule(s) deleted; customer + cameras still in admin. Cohort-B-style (cleanup-pipeline candidate). Schedule titles: id=189 'Raise' status=Deleted; id=178 'VCH 2' status=Deleted
38319,Site 2,B,autopatrol,True,3,0,3,0,0,3,418377,Office Alarm camera (1),all-schedules-deleted,All 3 schedule(s) deleted; customer + cameras still in admin. Cohort-B-style (cleanup-pipeline candidate). Schedule titles: id=992 'AutoPatrol' status=Deleted; id=191 'Raise' status=Deleted; id=993 'test' status=Deleted
38319,Site 2,B,autopatrol,True,3,0,3,0,0,3,418378,Office 1 Alarm camera (1),all-schedules-deleted,All 3 schedule(s) deleted; customer + cameras still in admin. Cohort-B-style (cleanup-pipeline candidate). Schedule titles: id=992 'AutoPatrol' status=Deleted; id=191 'Raise' status=Deleted; id=993 'test' status=Deleted
38319,Site 2,B,autopatrol,True,3,0,3,0,0,3,418379,Hallway Alarm camera (1),all-schedules-deleted,All 3 schedule(s) deleted; customer + cameras still in admin. Cohort-B-style (cleanup-pipeline candidate). Schedule titles: id=992 'AutoPatrol' status=Deleted; id=191 'Raise' status=Deleted; id=993 'test' status=Deleted
38578,9 Dibble Street,B,autopatrol,True,4,0,4,0,0,1,420155,4. PTZ,all-schedules-deleted,All 1 schedule(s) deleted; customer + cameras still in admin. Cohort-B-style (cleanup-pipeline candidate). Schedule titles: id=204 'VCH Check' status=Deleted
38578,9 Dibble Street,B,autopatrol,True,4,0,4,0,0,1,420156,3. Yard East,all-schedules-deleted,All 1 schedule(s) deleted; customer + cameras still in admin. Cohort-B-style (cleanup-pipeline candidate). Schedule titles: id=204 'VCH Check' status=Deleted
38578,9 Dibble Street,B,autopatrol,True,4,0,4,0,0,1,420157,2. Yard South East,all-schedules-deleted,All 1 schedule(s) deleted; customer + cameras still in admin. Cohort-B-style (cleanup-pipeline candidate). Schedule titles: id=204 'VCH Check' status=Deleted
38578,9 Dibble Street,B,autopatrol,True,4,0,4,0,0,1,420158,1. Yard South West,all-schedules-deleted,All 1 schedule(s) deleted; customer + cameras still in admin. Cohort-B-style (cleanup-pipeline candidate). Schedule titles: id=204 'VCH Check' status=Deleted
39221,Victoria - EE Demo,B,autopatrol,True,2,0,2,0,0,4,425148,ANO-L7012R,all-schedules-deleted,All 4 schedule(s) deleted; customer + cameras still in admin. Cohort-B-style (cleanup-pipeline candidate). Schedule titles: id=214 'NewT' status=Deleted; id=213 'Test' status=Deleted; id=215 'test1' status=Deleted; ...
39221,Victoria - EE Demo,B,autopatrol,True,2,0,2,0,0,4,425149,EN-CDUM-008b-3,all-schedules-deleted,All 4 schedule(s) deleted; customer + cameras still in admin. Cohort-B-style (cleanup-pipeline candidate). Schedule titles: id=214 'NewT' status=Deleted; id=213 'Test' status=Deleted; id=215 'test1' status=Deleted; ...
39381,4.1 Test Legacy Sch 3,B,autopatrol,True,3,0,3,0,0,1,426319,Office Alarm camera (1),all-schedules-deleted,All 1 schedule(s) deleted; customer + cameras still in admin. Cohort-B-style (cleanup-pipeline candidate). Schedule titles: id=220 'VCH - RL' status=Deleted
39381,4.1 Test Legacy Sch 3,B,autopatrol,True,3,0,3,0,0,1,426320,Office 1 Alarm camera (1),all-schedules-deleted,All 1 schedule(s) deleted; customer + cameras still in admin. Cohort-B-style (cleanup-pipeline candidate). Schedule titles: id=220 'VCH - RL' status=Deleted
39381,4.1 Test Legacy Sch 3,B,autopatrol,True,3,0,3,0,0,1,426321,Hallway Alarm camera (1),all-schedules-deleted,All 1 schedule(s) deleted; customer + cameras still in admin. Cohort-B-style (cleanup-pipeline candidate). Schedule titles: id=220 'VCH - RL' status=Deleted
39453,ECS Coffee - Etobicoke,B,autopatrol,True,2,0,2,0,0,1,426772,AiColor Base NVR camera (1),all-schedules-deleted,All 1 schedule(s) deleted; customer + cameras still in admin. Cohort-B-style (cleanup-pipeline candidate). Schedule titles: id=239 'VCH' status=Deleted
39453,ECS Coffee - Etobicoke,B,autopatrol,True,2,0,2,0,0,1,426773,AiColor Base NVR camera (2),all-schedules-deleted,All 1 schedule(s) deleted; customer + cameras still in admin. Cohort-B-style (cleanup-pipeline candidate). Schedule titles: id=239 'VCH' status=Deleted
39455,"ECS Coffee - 3100 Harvester Rd, Burlington",B,autopatrol,True,4,0,4,0,0,1,426806,CH1,all-schedules-deleted,All 1 schedule(s) deleted; customer + cameras still in admin. Cohort-B-style (cleanup-pipeline candidate). Schedule titles: id=240 'VCH' status=Deleted
39455,"ECS Coffee - 3100 Harvester Rd, Burlington",B,autopatrol,True,4,0,4,0,0,1,426807,CH2,all-schedules-deleted,All 1 schedule(s) deleted; customer + cameras still in admin. Cohort-B-style (cleanup-pipeline candidate). Schedule titles: id=240 'VCH' status=Deleted
39455,"ECS Coffee - 3100 Harvester Rd, Burlington",B,autopatrol,True,4,0,4,0,0,1,426808,CH3,all-schedules-deleted,All 1 schedule(s) deleted; customer + cameras still in admin. Cohort-B-style (cleanup-pipeline candidate). Schedule titles: id=240 'VCH' status=Deleted
39455,"ECS Coffee - 3100 Harvester Rd, Burlington",B,autopatrol,True,4,0,4,0,0,1,426809,CH4,all-schedules-deleted,All 1 schedule(s) deleted; customer + cameras still in admin. Cohort-B-style (cleanup-pipeline candidate). Schedule titles: id=240 'VCH' status=Deleted
42376,Journey Juice (2),B,autopatrol,True,4,0,4,0,0,1,445438,Dumpster*,all-schedules-deleted,All 1 schedule(s) deleted; customer + cameras still in admin. Cohort-B-style (cleanup-pipeline candidate). Schedule titles: id=352 'JJ patrol' status=Deleted
42376,Journey Juice (2),B,autopatrol,True,4,0,4,0,0,1,445439,Front Porch*,all-schedules-deleted,All 1 schedule(s) deleted; customer + cameras still in admin. Cohort-B-style (cleanup-pipeline candidate). Schedule titles: id=352 'JJ patrol' status=Deleted
42376,Journey Juice (2),B,autopatrol,True,4,0,4,0,0,1,445440,Back Porch*,all-schedules-deleted,All 1 schedule(s) deleted; customer + cameras still in admin. Cohort-B-style (cleanup-pipeline candidate). Schedule titles: id=352 'JJ patrol' status=Deleted
42376,Journey Juice (2),B,autopatrol,True,4,0,4,0,0,1,445441,Laundromat*,all-schedules-deleted,All 1 schedule(s) deleted; customer + cameras still in admin. Cohort-B-style (cleanup-pipeline candidate). Schedule titles: id=352 'JJ patrol' status=Deleted
43138,Elva Nunes Residence,B,autopatrol,True,2,0,2,0,0,1,449248,OE-CC51D5-50 (141F1),all-schedules-deleted,All 1 schedule(s) deleted; customer + cameras still in admin. Cohort-B-style (cleanup-pipeline candidate). Schedule titles: id=595 'VCH Check' status=Deleted
43138,Elva Nunes Residence,B,autopatrol,True,2,0,2,0,0,1,449258,Speaker,all-schedules-deleted,All 1 schedule(s) deleted; customer + cameras still in admin. Cohort-B-style (cleanup-pipeline candidate). Schedule titles: id=595 'VCH Check' status=Deleted
43928,hanwha (Health Check),B,autopatrol,True,13,0,13,0,0,1,451627,ECBsmntRm14,all-schedules-deleted,All 1 schedule(s) deleted; customer + cameras still in admin. Cohort-B-style (cleanup-pipeline candidate). Schedule titles: id=663 'Visual Camera Health' status=Deleted
43928,hanwha (Health Check),B,autopatrol,True,13,0,13,0,0,1,451628,EG2ndFlrElevatorLobby,all-schedules-deleted,All 1 schedule(s) deleted; customer + cameras still in admin. Cohort-B-style (cleanup-pipeline candidate). Schedule titles: id=663 'Visual Camera Health' status=Deleted
43928,hanwha (Health Check),B,autopatrol,True,13,0,13,0,0,1,451629,ECBsmntRm18,all-schedules-deleted,All 1 schedule(s) deleted; customer + cameras still in admin. Cohort-B-style (cleanup-pipeline candidate). Schedule titles: id=663 'Visual Camera Health' status=Deleted
43928,hanwha (Health Check),B,autopatrol,True,13,0,13,0,0,1,451630,ECRoofStairs,all-schedules-deleted,All 1 schedule(s) deleted; customer + cameras still in admin. Cohort-B-style (cleanup-pipeline candidate). Schedule titles: id=663 'Visual Camera Health' status=Deleted
43928,hanwha (Health Check),B,autopatrol,True,13,0,13,0,0,1,451631,EGTherapyRoom3,all-schedules-deleted,All 1 schedule(s) deleted; customer + cameras still in admin. Cohort-B-style (cleanup-pipeline candidate). Schedule titles: id=663 'Visual Camera Health' status=Deleted
43928,hanwha (Health Check),B,autopatrol,True,13,0,13,0,0,1,451632,EG2ndFlrOfficeNurseEntrance,all-schedules-deleted,All 1 schedule(s) deleted; customer + cameras still in admin. Cohort-B-style (cleanup-pipeline candidate). Schedule titles: id=663 'Visual Camera Health' status=Deleted
43928,hanwha (Health Check),B,autopatrol,True,13,0,13,0,0,1,451633,EGAveYMcDonald,all-schedules-deleted,All 1 schedule(s) deleted; customer + cameras still in admin. Cohort-B-style (cleanup-pipeline candidate). Schedule titles: id=663 'Visual Camera Health' status=Deleted
43928,hanwha (Health Check),B,autopatrol,True,13,0,13,0,0,1,451634,EGRoom312,all-schedules-deleted,All 1 schedule(s) deleted; customer + cameras still in admin. Cohort-B-style (cleanup-pipeline candidate). Schedule titles: id=663 'Visual Camera Health' status=Deleted
43928,hanwha (Health Check),B,autopatrol,True,13,0,13,0,0,1,451635,ECAveMEntrance,all-schedules-deleted,All 1 schedule(s) deleted; customer + cameras still in admin. Cohort-B-style (cleanup-pipeline candidate). Schedule titles: id=663 'Visual Camera Health' status=Deleted
43928,hanwha (Health Check),B,autopatrol,True,13,0,13,0,0,1,451636,BHSRoom111,all-schedules-deleted,All 1 schedule(s) deleted; customer + cameras still in admin. Cohort-B-style (cleanup-pipeline candidate). Schedule titles: id=663 'Visual Camera Health' status=Deleted
43928,hanwha (Health Check),B,autopatrol,True,13,0,13,0,0,1,451637,EG2ndFlrHallway,all-schedules-deleted,All 1 schedule(s) deleted; customer + cameras still in admin. Cohort-B-style (cleanup-pipeline candidate). Schedule titles: id=663 'Visual Camera Health' status=Deleted
43928,hanwha (Health Check),B,autopatrol,True,13,0,13,0,0,1,451638,EBRoom310,all-schedules-deleted,All 1 schedule(s) deleted; customer + cameras still in admin. Cohort-B-style (cleanup-pipeline candidate). Schedule titles: id=663 'Visual Camera Health' status=Deleted
43928,hanwha (Health Check),B,autopatrol,True,13,0,13,0,0,1,451639,EGRoom318,all-schedules-deleted,All 1 schedule(s) deleted; customer + cameras still in admin. Cohort-B-style (cleanup-pipeline candidate). Schedule titles: id=663 'Visual Camera Health' status=Deleted
45845,hanwha 2 (Health Check),B,autopatrol,True,6,0,6,0,0,8,460586,ECBsmntRm04,all-schedules-deleted,All 8 schedule(s) deleted; customer + cameras still in admin. Cohort-B-style (cleanup-pipeline candidate). Schedule titles: id=1032 'Visual Camera Health' status=Deleted; id=1033 'Visual Camera Health' status=Deleted; id=1034 'Visual Camera Health' status=Deleted; ...
45845,hanwha 2 (Health Check),B,autopatrol,True,6,0,6,0,0,8,460587,BMSHallwayE12,all-schedules-deleted,All 8 schedule(s) deleted; customer + cameras still in admin. Cohort-B-style (cleanup-pipeline candidate). Schedule titles: id=1032 'Visual Camera Health' status=Deleted; id=1033 'Visual Camera Health' status=Deleted; id=1034 'Visual Camera Health' status=Deleted; ...
45845,hanwha 2 (Health Check),B,autopatrol,True,6,0,6,0,0,8,460588,EG4thFlrTerrace,all-schedules-deleted,All 8 schedule(s) deleted; customer + cameras still in admin. Cohort-B-style (cleanup-pipeline candidate). Schedule titles: id=1032 'Visual Camera Health' status=Deleted; id=1033 'Visual Camera Health' status=Deleted; id=1034 'Visual Camera Health' status=Deleted; ...
45845,hanwha 2 (Health Check),B,autopatrol,True,6,0,6,0,0,8,460589,GHSMainEntrance,all-schedules-deleted,All 8 schedule(s) deleted; customer + cameras still in admin. Cohort-B-style (cleanup-pipeline candidate). Schedule titles: id=1032 'Visual Camera Health' status=Deleted; id=1033 'Visual Camera Health' status=Deleted; id=1034 'Visual Camera Health' status=Deleted; ...
45845,hanwha 2 (Health Check),B,autopatrol,True,6,0,6,0,0,8,460590,EBTrailerYardSideRight,all-schedules-deleted,All 8 schedule(s) deleted; customer + cameras still in admin. Cohort-B-style (cleanup-pipeline candidate). Schedule titles: id=1032 'Visual Camera Health' status=Deleted; id=1033 'Visual Camera Health' status=Deleted; id=1034 'Visual Camera Health' status=Deleted; ...
45845,hanwha 2 (Health Check),B,autopatrol,True,6,0,6,0,0,8,460591,EGParkingFront,all-schedules-deleted,All 8 schedule(s) deleted; customer + cameras still in admin. Cohort-B-style (cleanup-pipeline candidate). Schedule titles: id=1032 'Visual Camera Health' status=Deleted; id=1033 'Visual Camera Health' status=Deleted; id=1034 'Visual Camera Health' status=Deleted; ...
46292,Victoria - Demo,B,autopatrol,True,9,0,9,0,0,1,463908,IP Camera 01,all-schedules-deleted,All 1 schedule(s) deleted; customer + cameras still in admin. Cohort-B-style (cleanup-pipeline candidate). Schedule titles: id=1057 'Visual Camera Health' status=Deleted
46292,Victoria - Demo,B,autopatrol,True,9,0,9,0,0,1,463909,IP Camera 02,all-schedules-deleted,All 1 schedule(s) deleted; customer + cameras still in admin. Cohort-B-style (cleanup-pipeline candidate). Schedule titles: id=1057 'Visual Camera Health' status=Deleted
46292,Victoria - Demo,B,autopatrol,True,9,0,9,0,0,1,463910,IP Camera 01,all-schedules-deleted,All 1 schedule(s) deleted; customer + cameras still in admin. Cohort-B-style (cleanup-pipeline candidate). Schedule titles: id=1057 'Visual Camera Health' status=Deleted
46292,Victoria - Demo,B,autopatrol,True,9,0,9,0,0,1,463911,IP Camera 02,all-schedules-deleted,All 1 schedule(s) deleted; customer + cameras still in admin. Cohort-B-style (cleanup-pipeline candidate). Schedule titles: id=1057 'Visual Camera Health' status=Deleted
46292,Victoria - Demo,B,autopatrol,True,9,0,9,0,0,1,463912,Test,all-schedules-deleted,All 1 schedule(s) deleted; customer + cameras still in admin. Cohort-B-style (cleanup-pipeline candidate). Schedule titles: id=1057 'Visual Camera Health' status=Deleted
46292,Victoria - Demo,B,autopatrol,True,9,0,9,0,0,1,463913,Generic Stream camera (1),all-schedules-deleted,All 1 schedule(s) deleted; customer + cameras still in admin. Cohort-B-style (cleanup-pipeline candidate). Schedule titles: id=1057 'Visual Camera Health' status=Deleted
46292,Victoria - Demo,B,autopatrol,True,9,0,9,0,0,1,463914,TITUS TS2506 - C2 camera (1),all-schedules-deleted,All 1 schedule(s) deleted; customer + cameras still in admin. Cohort-B-style (cleanup-pipeline candidate). Schedule titles: id=1057 'Visual Camera Health' status=Deleted
46292,Victoria - Demo,B,autopatrol,True,9,0,9,0,0,1,463915,TITUS TS2506 - C3 PTZ camera (1),all-schedules-deleted,All 1 schedule(s) deleted; customer + cameras still in admin. Cohort-B-style (cleanup-pipeline candidate). Schedule titles: id=1057 'Visual Camera Health' status=Deleted
46292,Victoria - Demo,B,autopatrol,True,9,0,9,0,0,1,463916,Perimeter Sensing Camera,all-schedules-deleted,All 1 schedule(s) deleted; customer + cameras still in admin. Cohort-B-style (cleanup-pipeline candidate). Schedule titles: id=1057 'Visual Camera Health' status=Deleted
39845,TRAVIS TEST,Z,autopatrol,True,1,0,1,0,0,0,429503,UNIVIEW - STARLINK-CORE TRANSIT,no-schedules,Customer has 0 schedules (autopatrol integration but never had schedules created).
41798,CC260,Z,autopatrol,True,6,0,6,0,0,0,444361,360 View 1,no-schedules,Customer has 0 schedules (autopatrol integration but never had schedules created).
41798,CC260,Z,autopatrol,True,6,0,6,0,0,0,444362,360 View 2,no-schedules,Customer has 0 schedules (autopatrol integration but never had schedules created).
41798,CC260,Z,autopatrol,True,6,0,6,0,0,0,444363,360 View 3,no-schedules,Customer has 0 schedules (autopatrol integration but never had schedules created).
41798,CC260,Z,autopatrol,True,6,0,6,0,0,0,444364,360 View 4,no-schedules,Customer has 0 schedules (autopatrol integration but never had schedules created).
41798,CC260,Z,autopatrol,True,6,0,6,0,0,0,444365,PTZ,no-schedules,Customer has 0 schedules (autopatrol integration but never had schedules created).
41798,CC260,Z,autopatrol,True,6,0,6,0,0,0,444366,SightLogix HD,no-schedules,Customer has 0 schedules (autopatrol integration but never had schedules created).
37460,Tampa Office CS,F,autopatrol,True,14,4,10,1,0,0,412374,2. Outside  Roof (Tour),partial-active,Customer has 1 Active schedule(s) covering 4 of 14 cams; this camera was never added to (or was removed from) the device list.
37460,Tampa Office CS,F,autopatrol,True,14,4,10,1,0,0,412376,4. Inside Door/Elevator,partial-active,Customer has 1 Active schedule(s) covering 4 of 14 cams; this camera was never added to (or was removed from) the device list.
37460,Tampa Office CS,F,autopatrol,True,14,4,10,1,0,0,412379,Eagle Eye camera (1),partial-active,Customer has 1 Active schedule(s) covering 4 of 14 cams; this camera was never added to (or was removed from) the device list.
37460,Tampa Office CS,F,autopatrol,True,14,4,10,1,0,0,412380,Eagle Eye camera (2),partial-active,Customer has 1 Active schedule(s) covering 4 of 14 cams; this camera was never added to (or was removed from) the device list.
37460,Tampa Office CS,F,autopatrol,True,14,4,10,1,0,0,412381,Eagle Eyec amera (3),partial-active,Customer has 1 Active schedule(s) covering 4 of 14 cams; this camera was never added to (or was removed from) the device list.
37460,Tampa Office CS,F,autopatrol,True,14,4,10,1,0,0,412382,Eagel Eyecamera (4),partial-active,Customer has 1 Active schedule(s) covering 4 of 14 cams; this camera was never added to (or was removed from) the device list.
37460,Tampa Office CS,F,autopatrol,True,14,4,10,1,0,0,412383,1. Front Door,partial-active,Customer has 1 Active schedule(s) covering 4 of 14 cams; this camera was never added to (or was removed from) the device list.
37460,Tampa Office CS,F,autopatrol,True,14,4,10,1,0,0,412384,Front Door B,partial-active,Customer has 1 Active schedule(s) covering 4 of 14 cams; this camera was never added to (or was removed from) the device list.
37460,Tampa Office CS,F,autopatrol,True,14,4,10,1,0,0,412385,Axis V5 camera (1),partial-active,Customer has 1 Active schedule(s) covering 4 of 14 cams; this camera was never added to (or was removed from) the device list.
37460,Tampa Office CS,F,autopatrol,True,14,4,10,1,0,0,412386,Generic Stream - AVTech camera (1),partial-active,Customer has 1 Active schedule(s) covering 4 of 14 cams; this camera was never added to (or was removed from) the device list.
37742,London,F,autopatrol,True,5,4,1,1,0,0,414447,Stairwell (Empty),partial-active,Customer has 1 Active schedule(s) covering 4 of 5 cams; this camera was never added to (or was removed from) the device list.
38580,St. Clair and Caledonia,C,autopatrol,True,12,0,12,1,0,0,420186,3. West Side West,partial-active,Customer has 1 Active schedule(s) covering 0 of 12 cams; this camera was never added to (or was removed from) the device list.
38580,St. Clair and Caledonia,C,autopatrol,True,12,0,12,1,0,0,420187,2. West Side SW,partial-active,Customer has 1 Active schedule(s) covering 0 of 12 cams; this camera was never added to (or was removed from) the device list.
38580,St. Clair and Caledonia,C,autopatrol,True,12,0,12,1,0,0,420188,4. North West East,partial-active,Customer has 1 Active schedule(s) covering 0 of 12 cams; this camera was never added to (or was removed from) the device list.
38580,St. Clair and Caledonia,C,autopatrol,True,12,0,12,1,0,0,420189,6. South East North,partial-active,Customer has 1 Active schedule(s) covering 0 of 12 cams; this camera was never added to (or was removed from) the device list.
38580,St. Clair and Caledonia,C,autopatrol,True,12,0,12,1,0,0,420190,1. South West Corner,partial-active,Customer has 1 Active schedule(s) covering 0 of 12 cams; this camera was never added to (or was removed from) the device list.
38580,St. Clair and Caledonia,C,autopatrol,True,12,0,12,1,0,0,420191,5. North East SE,partial-active,Customer has 1 Active schedule(s) covering 0 of 12 cams; this camera was never added to (or was removed from) the device list.
38580,St. Clair and Caledonia,C,autopatrol,True,12,0,12,1,0,0,464248,2. West Side SW,partial-active,Customer has 1 Active schedule(s) covering 0 of 12 cams; this camera was never added to (or was removed from) the device list.
38580,St. Clair and Caledonia,C,autopatrol,True,12,0,12,1,0,0,464249,4. North West East,partial-active,Customer has 1 Active schedule(s) covering 0 of 12 cams; this camera was never added to (or was removed from) the device list.
38580,St. Clair and Caledonia,C,autopatrol,True,12,0,12,1,0,0,464250,6. South East North,partial-active,Customer has 1 Active schedule(s) covering 0 of 12 cams; this camera was never added to (or was removed from) the device list.
38580,St. Clair and Caledonia,C,autopatrol,True,12,0,12,1,0,0,464251,3. West Side West,partial-active,Customer has 1 Active schedule(s) covering 0 of 12 cams; this camera was never added to (or was removed from) the device list.
38580,St. Clair and Caledonia,C,autopatrol,True,12,0,12,1,0,0,464252,1. South West Corner,partial-active,Customer has 1 Active schedule(s) covering 0 of 12 cams; this camera was never added to (or was removed from) the device list.
38580,St. Clair and Caledonia,C,autopatrol,True,12,0,12,1,0,0,464253,5. North East SE,partial-active,Customer has 1 Active schedule(s) covering 0 of 12 cams; this camera was never added to (or was removed from) the device list.
38711,CORPORATE SERVICES (5600055),F,autopatrol,True,29,9,20,1,0,1,421276,CS # 1,partial-active,Customer has 1 Active schedule(s) covering 9 of 29 cams; this camera was never added to (or was removed from) the device list.
38711,CORPORATE SERVICES (5600055),F,autopatrol,True,29,9,20,1,0,1,421277,Front of Generator  (1/2),partial-active,Customer has 1 Active schedule(s) covering 9 of 29 cams; this camera was never added to (or was removed from) the device list.
38711,CORPORATE SERVICES (5600055),F,autopatrol,True,29,9,20,1,0,1,421278,Smoking Door  (2/2),partial-active,Customer has 1 Active schedule(s) covering 9 of 29 cams; this camera was never added to (or was removed from) the device list.
38711,CORPORATE SERVICES (5600055),F,autopatrol,True,29,9,20,1,0,1,421280,It Storage,partial-active,Customer has 1 Active schedule(s) covering 9 of 29 cams; this camera was never added to (or was removed from) the device list.
38711,CORPORATE SERVICES (5600055),F,autopatrol,True,29,9,20,1,0,1,421281,Main Hallway,partial-active,Customer has 1 Active schedule(s) covering 9 of 29 cams; this camera was never added to (or was removed from) the device list.
38711,CORPORATE SERVICES (5600055),F,autopatrol,True,29,9,20,1,0,1,421282,Front Reception,partial-active,Customer has 1 Active schedule(s) covering 9 of 29 cams; this camera was never added to (or was removed from) the device list.
38711,CORPORATE SERVICES (5600055),F,autopatrol,True,29,9,20,1,0,1,421283,Interior Mantrap Suite entry,partial-active,Customer has 1 Active schedule(s) covering 9 of 29 cams; this camera was never added to (or was removed from) the device list.
38711,CORPORATE SERVICES (5600055),F,autopatrol,True,29,9,20,1,0,1,421284,Back Stairwell,partial-active,Customer has 1 Active schedule(s) covering 9 of 29 cams; this camera was never added to (or was removed from) the device list.
38711,CORPORATE SERVICES (5600055),F,autopatrol,True,29,9,20,1,0,1,421285,1st Floor Main Entrance,partial-active,Customer has 1 Active schedule(s) covering 9 of 29 cams; this camera was never added to (or was removed from) the device list.
38711,CORPORATE SERVICES (5600055),F,autopatrol,True,29,9,20,1,0,1,421287,CS #3,partial-active,Customer has 1 Active schedule(s) covering 9 of 29 cams; this camera was never added to (or was removed from) the device list.
38711,CORPORATE SERVICES (5600055),F,autopatrol,True,29,9,20,1,0,1,421288,CS # 2,partial-active,Customer has 1 Active schedule(s) covering 9 of 29 cams; this camera was never added to (or was removed from) the device list.
38711,CORPORATE SERVICES (5600055),F,autopatrol,True,29,9,20,1,0,1,421289,CS # 4,partial-active,Customer has 1 Active schedule(s) covering 9 of 29 cams; this camera was never added to (or was removed from) the device list.
38711,CORPORATE SERVICES (5600055),F,autopatrol,True,29,9,20,1,0,1,421290,Executive Hallway,partial-active,Customer has 1 Active schedule(s) covering 9 of 29 cams; this camera was never added to (or was removed from) the device list.
38711,CORPORATE SERVICES (5600055),F,autopatrol,True,29,9,20,1,0,1,421294,Utility Room Hallways,partial-active,Customer has 1 Active schedule(s) covering 9 of 29 cams; this camera was never added to (or was removed from) the device list.
38711,CORPORATE SERVICES (5600055),F,autopatrol,True,29,9,20,1,0,1,421295,Rear Collabortion Area,partial-active,Customer has 1 Active schedule(s) covering 9 of 29 cams; this camera was never added to (or was removed from) the device list.
38711,CORPORATE SERVICES (5600055),F,autopatrol,True,29,9,20,1,0,1,421296,External Mantrap Interior,partial-active,Customer has 1 Active schedule(s) covering 9 of 29 cams; this camera was never added to (or was removed from) the device list.
38711,CORPORATE SERVICES (5600055),F,autopatrol,True,29,9,20,1,0,1,421297,Interior Mantrap CS Entry,partial-active,Customer has 1 Active schedule(s) covering 9 of 29 cams; this camera was never added to (or was removed from) the device list.
38711,CORPORATE SERVICES (5600055),F,autopatrol,True,29,9,20,1,0,1,421298,Front Foyer,partial-active,Customer has 1 Active schedule(s) covering 9 of 29 cams; this camera was never added to (or was removed from) the device list.
38711,CORPORATE SERVICES (5600055),F,autopatrol,True,29,9,20,1,0,1,421299,Exterior Mantrap Exterior,partial-active,Customer has 1 Active schedule(s) covering 9 of 29 cams; this camera was never added to (or was removed from) the device list.
38711,CORPORATE SERVICES (5600055),F,autopatrol,True,29,9,20,1,0,1,421300,Interior Mantrap to CS,partial-active,Customer has 1 Active schedule(s) covering 9 of 29 cams; this camera was never added to (or was removed from) the device list.
38738,2 Fuller Road - Bergvliet,F,autopatrol,True,9,2,7,1,0,0,421495,Yard to Driveway,partial-active,Customer has 1 Active schedule(s) covering 2 of 9 cams; this camera was never added to (or was removed from) the device list.
38738,2 Fuller Road - Bergvliet,F,autopatrol,True,9,2,7,1,0,0,421497,Trampoline,partial-active,Customer has 1 Active schedule(s) covering 2 of 9 cams; this camera was never added to (or was removed from) the device list.
38738,2 Fuller Road - Bergvliet,F,autopatrol,True,9,2,7,1,0,0,421498,Driveway,partial-active,Customer has 1 Active schedule(s) covering 2 of 9 cams; this camera was never added to (or was removed from) the device list.
38738,2 Fuller Road - Bergvliet,F,autopatrol,True,9,2,7,1,0,0,421499,Pool Corner,partial-active,Customer has 1 Active schedule(s) covering 2 of 9 cams; this camera was never added to (or was removed from) the device list.
38738,2 Fuller Road - Bergvliet,F,autopatrol,True,9,2,7,1,0,0,421500,Kitchen Door,partial-active,Customer has 1 Active schedule(s) covering 2 of 9 cams; this camera was never added to (or was removed from) the device list.
38738,2 Fuller Road - Bergvliet,F,autopatrol,True,9,2,7,1,0,0,421501,Garage,partial-active,Customer has 1 Active schedule(s) covering 2 of 9 cams; this camera was never added to (or was removed from) the device list.
40499,ABC Liquor Store 8,F,autopatrol,True,40,26,14,1,0,0,434575,cam2,partial-active,Customer has 1 Active schedule(s) covering 26 of 40 cams; this camera was never added to (or was removed from) the device list.
40499,ABC Liquor Store 8,F,autopatrol,True,40,26,14,1,0,0,434581,Cam 8,partial-active,Customer has 1 Active schedule(s) covering 26 of 40 cams; this camera was never added to (or was removed from) the device list.
40500,ABC Liquor Store 7,F,autopatrol,True,31,17,14,1,0,0,434595,Cam 8,partial-active,Customer has 1 Active schedule(s) covering 17 of 31 cams; this camera was never added to (or was removed from) the device list.
40501,ABC Liquor Store 6,F,autopatrol,True,39,25,14,1,0,0,434606,Cam5,partial-active,Customer has 1 Active schedule(s) covering 25 of 39 cams; this camera was never added to (or was removed from) the device list.
40501,ABC Liquor Store 6,F,autopatrol,True,39,25,14,1,0,0,434609,Cam 8,partial-active,Customer has 1 Active schedule(s) covering 25 of 39 cams; this camera was never added to (or was removed from) the device list.
40502,ABC Liquor Store 4,F,autopatrol,True,15,1,14,1,0,0,434616,Cam1,partial-active,Customer has 1 Active schedule(s) covering 1 of 15 cams; this camera was never added to (or was removed from) the device list.
40502,ABC Liquor Store 4,F,autopatrol,True,15,1,14,1,0,0,434617,cam2,partial-active,Customer has 1 Active schedule(s) covering 1 of 15 cams; this camera was never added to (or was removed from) the device list.
40502,ABC Liquor Store 4,F,autopatrol,True,15,1,14,1,0,0,434618,Cam3,partial-active,Customer has 1 Active schedule(s) covering 1 of 15 cams; this camera was never added to (or was removed from) the device list.
40502,ABC Liquor Store 4,F,autopatrol,True,15,1,14,1,0,0,434619,Cam4,partial-active,Customer has 1 Active schedule(s) covering 1 of 15 cams; this camera was never added to (or was removed from) the device list.
40502,ABC Liquor Store 4,F,autopatrol,True,15,1,14,1,0,0,434620,Cam5,partial-active,Customer has 1 Active schedule(s) covering 1 of 15 cams; this camera was never added to (or was removed from) the device list.
40502,ABC Liquor Store 4,F,autopatrol,True,15,1,14,1,0,0,434621,Cam6,partial-active,Customer has 1 Active schedule(s) covering 1 of 15 cams; this camera was never added to (or was removed from) the device list.
40502,ABC Liquor Store 4,F,autopatrol,True,15,1,14,1,0,0,434622,Cam7,partial-active,Customer has 1 Active schedule(s) covering 1 of 15 cams; this camera was never added to (or was removed from) the device list.
40502,ABC Liquor Store 4,F,autopatrol,True,15,1,14,1,0,0,434623,Cam 8,partial-active,Customer has 1 Active schedule(s) covering 1 of 15 cams; this camera was never added to (or was removed from) the device list.
40502,ABC Liquor Store 4,F,autopatrol,True,15,1,14,1,0,0,434624,Cam9,partial-active,Customer has 1 Active schedule(s) covering 1 of 15 cams; this camera was never added to (or was removed from) the device list.
40502,ABC Liquor Store 4,F,autopatrol,True,15,1,14,1,0,0,434625,Cam10,partial-active,Customer has 1 Active schedule(s) covering 1 of 15 cams; this camera was never added to (or was removed from) the device list.
40502,ABC Liquor Store 4,F,autopatrol,True,15,1,14,1,0,0,434626,Cam11,partial-active,Customer has 1 Active schedule(s) covering 1 of 15 cams; this camera was never added to (or was removed from) the device list.
40502,ABC Liquor Store 4,F,autopatrol,True,15,1,14,1,0,0,434627,Cam12,partial-active,Customer has 1 Active schedule(s) covering 1 of 15 cams; this camera was never added to (or was removed from) the device list.
40502,ABC Liquor Store 4,F,autopatrol,True,15,1,14,1,0,0,434628,Cam13,partial-active,Customer has 1 Active schedule(s) covering 1 of 15 cams; this camera was never added to (or was removed from) the device list.
40502,ABC Liquor Store 4,F,autopatrol,True,15,1,14,1,0,0,434629,Cam14,partial-active,Customer has 1 Active schedule(s) covering 1 of 15 cams; this camera was never added to (or was removed from) the device list.
40503,ABC Liquor Store 3,F,autopatrol,True,28,13,15,1,0,0,434633,Cam4,partial-active,Customer has 1 Active schedule(s) covering 13 of 28 cams; this camera was never added to (or was removed from) the device list.
40503,ABC Liquor Store 3,F,autopatrol,True,28,13,15,1,0,0,434637,Cam 8,partial-active,Customer has 1 Active schedule(s) covering 13 of 28 cams; this camera was never added to (or was removed from) the device list.
40503,ABC Liquor Store 3,F,autopatrol,True,28,13,15,1,0,0,434638,Cam9,partial-active,Customer has 1 Active schedule(s) covering 13 of 28 cams; this camera was never added to (or was removed from) the device list.
40504,ABC Liquor Store 2,F,autopatrol,True,29,15,14,1,0,0,434651,Cam 8,partial-active,Customer has 1 Active schedule(s) covering 15 of 29 cams; this camera was never added to (or was removed from) the device list.
40505,ABC Liquor Store 17,F,autopatrol,True,30,16,14,1,0,0,434665,Cam 8,partial-active,Customer has 1 Active schedule(s) covering 16 of 30 cams; this camera was never added to (or was removed from) the device list.
40506,ABC Liquor Store 15,F,autopatrol,True,30,15,15,1,0,0,434675,Cam4,partial-active,Customer has 1 Active schedule(s) covering 15 of 30 cams; this camera was never added to (or was removed from) the device list.
40506,ABC Liquor Store 15,F,autopatrol,True,30,15,15,1,0,0,434677,Cam6,partial-active,Customer has 1 Active schedule(s) covering 15 of 30 cams; this camera was never added to (or was removed from) the device list.
40506,ABC Liquor Store 15,F,autopatrol,True,30,15,15,1,0,0,434679,Cam 8,partial-active,Customer has 1 Active schedule(s) covering 15 of 30 cams; this camera was never added to (or was removed from) the device list.
40507,ABC Liquor Store 14,F,autopatrol,True,39,23,16,1,0,0,434687,cam2,partial-active,Customer has 1 Active schedule(s) covering 23 of 39 cams; this camera was never added to (or was removed from) the device list.
40507,ABC Liquor Store 14,F,autopatrol,True,39,23,16,1,0,0,434693,Cam 8,partial-active,Customer has 1 Active schedule(s) covering 23 of 39 cams; this camera was never added to (or was removed from) the device list.
40507,ABC Liquor Store 14,F,autopatrol,True,39,23,16,1,0,0,434694,Cam9,partial-active,Customer has 1 Active schedule(s) covering 23 of 39 cams; this camera was never added to (or was removed from) the device list.
40508,ABC Liquor Store 13,F,autopatrol,True,33,17,16,1,0,0,434703,Cam4,partial-active,Customer has 1 Active schedule(s) covering 17 of 33 cams; this camera was never added to (or was removed from) the device list.
40508,ABC Liquor Store 13,F,autopatrol,True,33,17,16,1,0,0,434708,Cam9,partial-active,Customer has 1 Active schedule(s) covering 17 of 33 cams; this camera was never added to (or was removed from) the device list.
40508,ABC Liquor Store 13,F,autopatrol,True,33,17,16,1,0,0,452161,Rear Ext,partial-active,Customer has 1 Active schedule(s) covering 17 of 33 cams; this camera was never added to (or was removed from) the device list.
40508,ABC Liquor Store 13,F,autopatrol,True,33,17,16,1,0,0,452162,Cam 1 camera (1),partial-active,Customer has 1 Active schedule(s) covering 17 of 33 cams; this camera was never added to (or was removed from) the device list.
40509,ABC Liquor Store 12,F,autopatrol,True,29,14,15,1,0,0,434719,Cam6,partial-active,Customer has 1 Active schedule(s) covering 14 of 29 cams; this camera was never added to (or was removed from) the device list.
40509,ABC Liquor Store 12,F,autopatrol,True,29,14,15,1,0,0,434721,Cam 8,partial-active,Customer has 1 Active schedule(s) covering 14 of 29 cams; this camera was never added to (or was removed from) the device list.
40510,ABC Liquor Store 11,F,autopatrol,True,32,17,15,1,0,0,434728,Cam1,partial-active,Customer has 1 Active schedule(s) covering 17 of 32 cams; this camera was never added to (or was removed from) the device list.
40510,ABC Liquor Store 11,F,autopatrol,True,32,17,15,1,0,0,434735,Cam 8,partial-active,Customer has 1 Active schedule(s) covering 17 of 32 cams; this camera was never added to (or was removed from) the device list.
40510,ABC Liquor Store 11,F,autopatrol,True,32,17,15,1,0,0,452143,Rear Ext,partial-active,Customer has 1 Active schedule(s) covering 17 of 32 cams; this camera was never added to (or was removed from) the device list.
40511,ABC Liquor Store 10,F,autopatrol,True,30,16,14,1,0,0,434749,Cam 8,partial-active,Customer has 1 Active schedule(s) covering 16 of 30 cams; this camera was never added to (or was removed from) the device list.
40512,ABC Liquor Store 9,F,autopatrol,True,22,8,14,1,0,0,434763,Cam 8,partial-active,Customer has 1 Active schedule(s) covering 8 of 22 cams; this camera was never added to (or was removed from) the device list.
40512,ABC Liquor Store 9,F,autopatrol,True,22,8,14,1,0,0,434764,Cam9,partial-active,Customer has 1 Active schedule(s) covering 8 of 22 cams; this camera was never added to (or was removed from) the device list.
40512,ABC Liquor Store 9,F,autopatrol,True,22,8,14,1,0,0,434765,Cam10,partial-active,Customer has 1 Active schedule(s) covering 8 of 22 cams; this camera was never added to (or was removed from) the device list.
40512,ABC Liquor Store 9,F,autopatrol,True,22,8,14,1,0,0,434766,Cam11,partial-active,Customer has 1 Active schedule(s) covering 8 of 22 cams; this camera was never added to (or was removed from) the device list.
40512,ABC Liquor Store 9,F,autopatrol,True,22,8,14,1,0,0,434767,Cam12,partial-active,Customer has 1 Active schedule(s) covering 8 of 22 cams; this camera was never added to (or was removed from) the device list.
40512,ABC Liquor Store 9,F,autopatrol,True,22,8,14,1,0,0,434768,Cam13,partial-active,Customer has 1 Active schedule(s) covering 8 of 22 cams; this camera was never added to (or was removed from) the device list.
40512,ABC Liquor Store 9,F,autopatrol,True,22,8,14,1,0,0,434769,Cam14,partial-active,Customer has 1 Active schedule(s) covering 8 of 22 cams; this camera was never added to (or was removed from) the device list.
40513,ABC Liquor Store 1,F,autopatrol,True,37,23,14,1,0,0,434777,Cam 8,partial-active,Customer has 1 Active schedule(s) covering 23 of 37 cams; this camera was never added to (or was removed from) the device list.
41263,Tate's Tire Pro's and Auto Service,F,autopatrol,True,10,4,6,1,0,0,440799,Lobby,partial-active,Customer has 1 Active schedule(s) covering 4 of 10 cams; this camera was never added to (or was removed from) the device list.
41263,Tate's Tire Pro's and Auto Service,F,autopatrol,True,10,4,6,1,0,0,440803,Front Door,partial-active,Customer has 1 Active schedule(s) covering 4 of 10 cams; this camera was never added to (or was removed from) the device list.
41265,Ace Hardware - Harris St.,C,autopatrol,True,15,0,15,1,0,0,440807,Potting Soil,partial-active,Customer has 1 Active schedule(s) covering 0 of 15 cams; this camera was never added to (or was removed from) the device list.
41265,Ace Hardware - Harris St.,C,autopatrol,True,15,0,15,1,0,0,440808,South Front Lot,partial-active,Customer has 1 Active schedule(s) covering 0 of 15 cams; this camera was never added to (or was removed from) the device list.
41265,Ace Hardware - Harris St.,C,autopatrol,True,15,0,15,1,0,0,441712,POTTING SOIL SPEAKER,partial-active,Customer has 1 Active schedule(s) covering 0 of 15 cams; this camera was never added to (or was removed from) the device list.
41265,Ace Hardware - Harris St.,C,autopatrol,True,15,0,15,1,0,0,441713,SHEETROCK,partial-active,Customer has 1 Active schedule(s) covering 0 of 15 cams; this camera was never added to (or was removed from) the device list.
41265,Ace Hardware - Harris St.,C,autopatrol,True,15,0,15,1,0,0,441714,SOUTH EXIT,partial-active,Customer has 1 Active schedule(s) covering 0 of 15 cams; this camera was never added to (or was removed from) the device list.
41265,Ace Hardware - Harris St.,C,autopatrol,True,15,0,15,1,0,0,441715,SOUTH FRONT LOT,partial-active,Customer has 1 Active schedule(s) covering 0 of 15 cams; this camera was never added to (or was removed from) the device list.
41265,Ace Hardware - Harris St.,C,autopatrol,True,15,0,15,1,0,0,441716,GUN/ FISH AND GAME,partial-active,Customer has 1 Active schedule(s) covering 0 of 15 cams; this camera was never added to (or was removed from) the device list.
41265,Ace Hardware - Harris St.,C,autopatrol,True,15,0,15,1,0,0,441717,S/E LUMBER YARD,partial-active,Customer has 1 Active schedule(s) covering 0 of 15 cams; this camera was never added to (or was removed from) the device list.
41265,Ace Hardware - Harris St.,C,autopatrol,True,15,0,15,1,0,0,441718,SOUTH LOT SPEAKER,partial-active,Customer has 1 Active schedule(s) covering 0 of 15 cams; this camera was never added to (or was removed from) the device list.
41265,Ace Hardware - Harris St.,C,autopatrol,True,15,0,15,1,0,0,441719,N/E LUMBER YARD,partial-active,Customer has 1 Active schedule(s) covering 0 of 15 cams; this camera was never added to (or was removed from) the device list.
41265,Ace Hardware - Harris St.,C,autopatrol,True,15,0,15,1,0,0,441720,FRONT ENTRY,partial-active,Customer has 1 Active schedule(s) covering 0 of 15 cams; this camera was never added to (or was removed from) the device list.
41265,Ace Hardware - Harris St.,C,autopatrol,True,15,0,15,1,0,0,441721,BBQ'S,partial-active,Customer has 1 Active schedule(s) covering 0 of 15 cams; this camera was never added to (or was removed from) the device list.
41265,Ace Hardware - Harris St.,C,autopatrol,True,15,0,15,1,0,0,441722,POTTING SOIL,partial-active,Customer has 1 Active schedule(s) covering 0 of 15 cams; this camera was never added to (or was removed from) the device list.
41265,Ace Hardware - Harris St.,C,autopatrol,True,15,0,15,1,0,0,441723,REGISTERS,partial-active,Customer has 1 Active schedule(s) covering 0 of 15 cams; this camera was never added to (or was removed from) the device list.
41265,Ace Hardware - Harris St.,C,autopatrol,True,15,0,15,1,0,0,441724,SOUTH LUMBER YARD,partial-active,Customer has 1 Active schedule(s) covering 0 of 15 cams; this camera was never added to (or was removed from) the device list.
43637,RRMS Internal Testing - VID9999,F,autopatrol,True,7,2,5,2,0,0,452159,Pole 17 West Division Street View,partial-active,Customer has 2 Active schedule(s) covering 2 of 7 cams; this camera was never added to (or was removed from) the device list.
43637,RRMS Internal Testing - VID9999,F,autopatrol,True,7,2,5,2,0,0,452279,Pole 7 South West View,partial-active,Customer has 2 Active schedule(s) covering 2 of 7 cams; this camera was never added to (or was removed from) the device list.
43637,RRMS Internal Testing - VID9999,F,autopatrol,True,7,2,5,2,0,0,452280,Camera 1,partial-active,Customer has 2 Active schedule(s) covering 2 of 7 cams; this camera was never added to (or was removed from) the device list.
43637,RRMS Internal Testing - VID9999,F,autopatrol,True,7,2,5,2,0,0,461559,Exterior Cam 2,partial-active,Customer has 2 Active schedule(s) covering 2 of 7 cams; this camera was never added to (or was removed from) the device list.
43637,RRMS Internal Testing - VID9999,F,autopatrol,True,7,2,5,2,0,0,464564,NE Outside Generator,partial-active,Customer has 2 Active schedule(s) covering 2 of 7 cams; this camera was never added to (or was removed from) the device list.
44879,Solful - Petaluma,F,autopatrol,True,23,22,1,1,0,0,456313,Parking Lot Speaker,partial-active,Customer has 1 Active schedule(s) covering 22 of 23 cams; this camera was never added to (or was removed from) the device list.
46560,hanwha 2,F,autopatrol,True,6,1,5,1,0,1,464956,ECBsmntRm04,partial-active,Customer has 1 Active schedule(s) covering 1 of 6 cams; this camera was never added to (or was removed from) the device list.
46560,hanwha 2,F,autopatrol,True,6,1,5,1,0,1,464958,EG4thFlrTerrace,partial-active,Customer has 1 Active schedule(s) covering 1 of 6 cams; this camera was never added to (or was removed from) the device list.
46560,hanwha 2,F,autopatrol,True,6,1,5,1,0,1,464959,EBTrailerYardSideRight,partial-active,Customer has 1 Active schedule(s) covering 1 of 6 cams; this camera was never added to (or was removed from) the device list.
46560,hanwha 2,F,autopatrol,True,6,1,5,1,0,1,464960,EGParkingFront,partial-active,Customer has 1 Active schedule(s) covering 1 of 6 cams; this camera was never added to (or was removed from) the device list.
46560,hanwha 2,F,autopatrol,True,6,1,5,1,0,1,464961,Stored Video test camera (1),partial-active,Customer has 1 Active schedule(s) covering 1 of 6 cams; this camera was never added to (or was removed from) the device list.
36799,Site A,B,autopatrol,True,42,36,6,0,1,3,408555,F2,partial-paused-only,Customer has 1 Paused schedule(s) (no Active/Awaiting); this camera is not in any of their device lists.
38313,Lab Audio,B,autopatrol,True,4,2,2,0,1,3,418347,Axis V5 camera (1),partial-paused-only,Customer has 1 Paused schedule(s) (no Active/Awaiting); this camera is not in any of their device lists.
38313,Lab Audio,B,autopatrol,True,4,2,2,0,1,3,418348,Axis C1610-VE Loud Speaker camera (1),partial-paused-only,Customer has 1 Paused schedule(s) (no Active/Awaiting); this camera is not in any of their device lists.
39346,(RVM2730) PTI Monitoring - 420 William St Victoria,B,autopatrol,True,28,1,27,0,1,0,426132,Inventory Room Exterior Entry Door  (172.17.32.108),partial-paused-only,Customer has 1 Paused schedule(s) (no Active/Awaiting); this camera is not in any of their device lists.
39346,(RVM2730) PTI Monitoring - 420 William St Victoria,B,autopatrol,True,28,1,27,0,1,0,426133,2nd Floor Landing (172.17.32.133),partial-paused-only,Customer has 1 Paused schedule(s) (no Active/Awaiting); this camera is not in any of their device lists.
39346,(RVM2730) PTI Monitoring - 420 William St Victoria,B,autopatrol,True,28,1,27,0,1,0,426134,Secure Compound by Seacan (172.17.32.120),partial-paused-only,Customer has 1 Paused schedule(s) (no Active/Awaiting); this camera is not in any of their device lists.
39346,(RVM2730) PTI Monitoring - 420 William St Victoria,B,autopatrol,True,28,1,27,0,1,0,426135,Mantrap Door into Back Hallway (172.17.32.113),partial-paused-only,Customer has 1 Paused schedule(s) (no Active/Awaiting); this camera is not in any of their device lists.
39346,(RVM2730) PTI Monitoring - 420 William St Victoria,B,autopatrol,True,28,1,27,0,1,0,426136,Server Room Rear (172.17.32.112),partial-paused-only,Customer has 1 Paused schedule(s) (no Active/Awaiting); this camera is not in any of their device lists.
39346,(RVM2730) PTI Monitoring - 420 William St Victoria,B,autopatrol,True,28,1,27,0,1,0,426137,Inventory Room Above Interior Door (172.17.32.110),partial-paused-only,Customer has 1 Paused schedule(s) (no Active/Awaiting); this camera is not in any of their device lists.
39346,(RVM2730) PTI Monitoring - 420 William St Victoria,B,autopatrol,True,28,1,27,0,1,0,426138,Server Room Front  (172.17.32.116),partial-paused-only,Customer has 1 Paused schedule(s) (no Active/Awaiting); this camera is not in any of their device lists.
39346,(RVM2730) PTI Monitoring - 420 William St Victoria,B,autopatrol,True,28,1,27,0,1,0,426139,Operations Room West Camera (172.17.32.121),partial-paused-only,Customer has 1 Paused schedule(s) (no Active/Awaiting); this camera is not in any of their device lists.
39346,(RVM2730) PTI Monitoring - 420 William St Victoria,B,autopatrol,True,28,1,27,0,1,0,426140,Parking Lot West Camera (172.17.32.123),partial-paused-only,Customer has 1 Paused schedule(s) (no Active/Awaiting); this camera is not in any of their device lists.
39346,(RVM2730) PTI Monitoring - 420 William St Victoria,B,autopatrol,True,28,1,27,0,1,0,426141,2nd Floor Tech Office  (172.17.32.131),partial-paused-only,Customer has 1 Paused schedule(s) (no Active/Awaiting); this camera is not in any of their device lists.
39346,(RVM2730) PTI Monitoring - 420 William St Victoria,B,autopatrol,True,28,1,27,0,1,0,426142,Mantrap Interior to Back Hallway  (172.17.32.117),partial-paused-only,Customer has 1 Paused schedule(s) (no Active/Awaiting); this camera is not in any of their device lists.
39346,(RVM2730) PTI Monitoring - 420 William St Victoria,B,autopatrol,True,28,1,27,0,1,0,426143,William Street Exterior Camera  (172.17.32.109),partial-paused-only,Customer has 1 Paused schedule(s) (no Active/Awaiting); this camera is not in any of their device lists.
39346,(RVM2730) PTI Monitoring - 420 William St Victoria,B,autopatrol,True,28,1,27,0,1,0,426144,Kitchen  (172.17.32.125),partial-paused-only,Customer has 1 Paused schedule(s) (no Active/Awaiting); this camera is not in any of their device lists.
39346,(RVM2730) PTI Monitoring - 420 William St Victoria,B,autopatrol,True,28,1,27,0,1,0,426145,Exterior Door William Street to Inventory (172.17.32.107),partial-paused-only,Customer has 1 Paused schedule(s) (no Active/Awaiting); this camera is not in any of their device lists.
39346,(RVM2730) PTI Monitoring - 420 William St Victoria,B,autopatrol,True,28,1,27,0,1,0,426146,Employee Entrance by Sprinkler System (172.17.32.111),partial-paused-only,Customer has 1 Paused schedule(s) (no Active/Awaiting); this camera is not in any of their device lists.
39346,(RVM2730) PTI Monitoring - 420 William St Victoria,B,autopatrol,True,28,1,27,0,1,0,426147,Inventory Room Front Camera (172.17.32.106),partial-paused-only,Customer has 1 Paused schedule(s) (no Active/Awaiting); this camera is not in any of their device lists.
39346,(RVM2730) PTI Monitoring - 420 William St Victoria,B,autopatrol,True,28,1,27,0,1,0,426148,Mantrap to Office Door  (172.17.32.114),partial-paused-only,Customer has 1 Paused schedule(s) (no Active/Awaiting); this camera is not in any of their device lists.
39346,(RVM2730) PTI Monitoring - 420 William St Victoria,B,autopatrol,True,28,1,27,0,1,0,426149,Generator in Back Compound (172.17.32.119),partial-paused-only,Customer has 1 Paused schedule(s) (no Active/Awaiting); this camera is not in any of their device lists.
39346,(RVM2730) PTI Monitoring - 420 William St Victoria,B,autopatrol,True,28,1,27,0,1,0,426150,2nd Floor Small Office top of Stairs (172.17.32.132),partial-paused-only,Customer has 1 Paused schedule(s) (no Active/Awaiting); this camera is not in any of their device lists.
39346,(RVM2730) PTI Monitoring - 420 William St Victoria,B,autopatrol,True,28,1,27,0,1,0,426151,Parking Lot North View (172.17.32.123),partial-paused-only,Customer has 1 Paused schedule(s) (no Active/Awaiting); this camera is not in any of their device lists.
39346,(RVM2730) PTI Monitoring - 420 William St Victoria,B,autopatrol,True,28,1,27,0,1,0,426153,Back Compound with Side Gate to William Street (172.17.32.129),partial-paused-only,Customer has 1 Paused schedule(s) (no Active/Awaiting); this camera is not in any of their device lists.
39346,(RVM2730) PTI Monitoring - 420 William St Victoria,B,autopatrol,True,28,1,27,0,1,0,426154,Parking Lot East View (172.17.32.123),partial-paused-only,Customer has 1 Paused schedule(s) (no Active/Awaiting); this camera is not in any of their device lists.
39346,(RVM2730) PTI Monitoring - 420 William St Victoria,B,autopatrol,True,28,1,27,0,1,0,426155,Reception Desk  (172.17.32.109),partial-paused-only,Customer has 1 Paused schedule(s) (no Active/Awaiting); this camera is not in any of their device lists.
39346,(RVM2730) PTI Monitoring - 420 William St Victoria,B,autopatrol,True,28,1,27,0,1,0,426156,Operations Room East Corner (172.17.32.124),partial-paused-only,Customer has 1 Paused schedule(s) (no Active/Awaiting); this camera is not in any of their device lists.
39346,(RVM2730) PTI Monitoring - 420 William St Victoria,B,autopatrol,True,28,1,27,0,1,0,426157,Loading Dock (172.17.32.105),partial-paused-only,Customer has 1 Paused schedule(s) (no Active/Awaiting); this camera is not in any of their device lists.
39346,(RVM2730) PTI Monitoring - 420 William St Victoria,B,autopatrol,True,28,1,27,0,1,0,426158,Mantrap Interior to Office (172.17.32.118),partial-paused-only,Customer has 1 Paused schedule(s) (no Active/Awaiting); this camera is not in any of their device lists.
39346,(RVM2730) PTI Monitoring - 420 William St Victoria,B,autopatrol,True,28,1,27,0,1,0,426159,Warehouse  (172.17.32.122),partial-paused-only,Customer has 1 Paused schedule(s) (no Active/Awaiting); this camera is not in any of their device lists.
42689,VCH Demo Site,B,autopatrol,True,5,3,2,0,1,1,447148,Store camera (1),partial-paused-only,Customer has 1 Paused schedule(s) (no Active/Awaiting); this camera is not in any of their device lists.
42689,VCH Demo Site,B,autopatrol,True,5,3,2,0,1,1,447149,Lot 1,partial-paused-only,Customer has 1 Paused schedule(s) (no Active/Awaiting); this camera is not in any of their device lists.
