admin_pk,schedule_id,integration,customer_id,customer_name,admin_schedule_status,admin_disabled_by,admin_disabled_at,admin_reenabled_by,admin_reenabled_at,admin_created_date,admin_updated_date,s3_tenant_id,s3_settings_found,ddb_last_patrol_ts,ddb_last_patrol_days_ago,ddb_patrol_count_30d,ddb_patrol_count_7d,ddb_patrol_count_total,immix_code,immix_schedule_status,verdict,notes
97,b964289e-f37a-4f79-7855-08ddcb586af6,vch,36205,"1146 - NM01206E Montgomery, T-Mobile (TIER 2)",Active,,,,,2025-07-28T15:10:17.989627Z,2025-12-04T20:27:00.380494Z,0ee7cb3f-4a3a-49b0-bcb5-73fce964b427,yes,,,0,0,0,401,(err),auth_fail,
96,259edbd3-07a8-4816-7856-08ddcb586af6,vch,36204,"1147 - NM01121D Sunset, T-Mobile (TIER 2)",Active,,,,,2025-07-28T15:10:16.901832Z,2025-12-04T20:26:59.492082Z,0ee7cb3f-4a3a-49b0-bcb5-73fce964b427,yes,,,0,0,0,401,(err),auth_fail,
95,6ab5af95-be72-48af-7857-08ddcb586af6,vch,36203,"1148 - NM01096F Volcano, T-Mobile (TIER 2)",Active,,,,,2025-07-28T15:10:15.720388Z,2026-01-07T17:43:02.582736Z,0ee7cb3f-4a3a-49b0-bcb5-73fce964b427,yes,,,0,0,0,401,(err),auth_fail,
94,4502002a-889e-40bf-7858-08ddcb586af6,vch,36202,"1149 - NM01061P 2nd Street, T-Mobile (TIER 2)",Active,,,,,2025-07-28T15:10:14.590551Z,2026-01-07T17:43:01.874884Z,0ee7cb3f-4a3a-49b0-bcb5-73fce964b427,yes,,,0,0,0,401,(err),auth_fail,
93,5bc0fbf7-fd20-4262-7859-08ddcb586af6,vch,36201,"1150 - NM01195D San Mateo, T-Mobile (TIER 2)",Active,,,,,2025-07-28T15:10:13.422093Z,2026-01-07T17:43:01.275709Z,0ee7cb3f-4a3a-49b0-bcb5-73fce964b427,yes,,,0,0,0,401,(err),auth_fail,
92,b7e69b1e-6769-4140-785a-08ddcb586af6,vch,36200,"1151 - NM01159A Todos Santos, T-Mobile (TIER 2)",Active,,,,,2025-07-28T15:10:11.980422Z,2026-01-07T17:43:00.264819Z,0ee7cb3f-4a3a-49b0-bcb5-73fce964b427,yes,,,0,0,0,401,(err),auth_fail,
91,57681aca-6fd9-4b28-785b-08ddcb586af6,vch,36199,"1152 - NM01002C Stanford, T-Mobile (TIER 2)",Active,,,,,2025-07-28T15:10:10.699934Z,2026-01-07T17:42:59.711604Z,0ee7cb3f-4a3a-49b0-bcb5-73fce964b427,yes,,,0,0,0,401,(err),auth_fail,
90,46fc39e3-88a8-410d-785c-08ddcb586af6,vch,36198,"1153 - NM01027C Highway 66, T-Mobile (TIER 2)",Active,,,,,2025-07-28T15:10:09.457463Z,2026-01-07T17:42:58.601556Z,0ee7cb3f-4a3a-49b0-bcb5-73fce964b427,yes,,,0,0,0,401,(err),auth_fail,
202,4d0574eb-28a9-40f1-e285-08de0670527f,vch,38576,15 Acorn Ave,Active,,,cleanup_lambda:rollback-2026-04-24,2026-04-24T18:06:31.650068Z,2025-10-08T14:35:17.195466Z,2026-04-24T18:06:32.012397Z,74cf336c-f671-45ad-ba7b-193d4f2540f1,yes,,,0,0,0,200,Active,active,
99,63d2dd29-c475-406e-785d-08ddcb586af6,vch,36207,"200 - Cobb Parkway, AT&T",Active,,,,,2025-07-28T15:25:13.722304Z,2026-01-07T17:43:06.453921Z,0ee7cb3f-4a3a-49b0-bcb5-73fce964b427,yes,,,0,0,0,401,(err),auth_fail,
100,3fbae3c3-fa96-4372-785e-08ddcb586af6,vch,36208,"242 - Chester Avenue, AT&T (TIER 2)",Active,,,,,2025-07-28T15:25:14.772904Z,2026-01-07T17:43:07.212282Z,0ee7cb3f-4a3a-49b0-bcb5-73fce964b427,yes,,,0,0,0,401,(err),auth_fail,
207,c3c3aa4e-7c20-4092-e289-08de0670527f,vch,38582,26 Steve Fonyo Drive,Active,,,cleanup_lambda:rollback-2026-04-24,2026-04-24T18:06:31.650068Z,2025-10-08T14:45:18.513556Z,2026-04-24T18:06:32.786403Z,74cf336c-f671-45ad-ba7b-193d4f2540f1,yes,,,0,0,0,200,Active,active,
201,d9f469e5-fb73-4607-e283-08de0670527f,vch,38575,2992 Sheppard Ave E,Active,,,,,2025-10-08T14:35:16.051928Z,2025-10-08T14:35:27.018561Z,74cf336c-f671-45ad-ba7b-193d4f2540f1,yes,,,0,0,0,200,Active,active,
212,1ed96567-d646-4f4c-2aef-08de07d46466,vch,38738,2 Fuller Road - Bergvliet,Active,,,,,2025-10-14T15:42:16.866445Z,2025-11-04T17:41:30.399858Z,b9953026-27c7-4116-ac6e-5f20fd39ef80,yes,,,0,0,0,401,(err),auth_fail,
203,761106c9-847e-4465-e284-08de0670527f,vch,38577,34 Poplar Ave,Active,,,cleanup_lambda:rollback-2026-04-24,2026-04-24T18:06:31.650068Z,2025-10-08T14:35:18.613302Z,2026-04-24T18:06:33.224813Z,74cf336c-f671-45ad-ba7b-193d4f2540f1,yes,,,0,0,0,200,Active,active,
35,2415f5fa-8e3d-4938-b9f2-08ddc53a8a29,vch,35991,3680/West Marine/ Aldi-AIS,Active,,,,,2025-07-22T17:00:45.798534Z,2025-07-22T17:01:53.746323Z,ac399cd6-2fdf-4659-b8e5-baea54075017,yes,,,0,0,0,401,(err),auth_fail,
64,cb41cdc2-cd20-48aa-b9d5-08ddc53a8a29,vch,36020,3929 Airport Blvd-AIS,Active,,,,,2025-07-22T17:01:22.223885Z,2025-07-22T17:02:17.501420Z,ac399cd6-2fdf-4659-b8e5-baea54075017,yes,,,0,0,0,401,(err),auth_fail,
151,51d632b3-1cd3-4bbc-1be3-08ddf04438b2,autopatrol,37744,400 North Ashley,Active,,,,,2025-09-10T08:42:34.597886Z,2025-09-10T08:42:39.023774Z,b594cbbe-b7f0-4efb-b4b3-51e28520c2f5,yes,1772791088,49.3,0,0,60,401,(err),auth_fail,
153,fedbc0a5-42f3-4847-02bf-08dde70262a5,autopatrol,35878,400 North Ashley,Active,,,cleanup_lambda:rollback-2026-04-24,2026-04-24T18:06:31.650068Z,2025-09-10T08:45:36.420388Z,2026-04-24T18:06:33.645102Z,8591e195-6c73-4dcd-8351-b3dda89fbdda,yes,1772881203,48.3,0,0,78,400,(err),gone_400,
150,0ad065a9-49df-4ce0-1be4-08ddf04438b2,autopatrol,37744,400 North Ashley,Active,,,,,2025-09-10T08:42:32.487910Z,2025-09-10T08:47:37.677521Z,b594cbbe-b7f0-4efb-b4b3-51e28520c2f5,yes,1772369889,54.2,0,0,16,401,(err),auth_fail,
152,a0e878cc-98a0-4f35-02c0-08dde70262a5,autopatrol,35878,400 North Ashley,Active,,,cleanup_lambda:rollback-2026-04-24,2026-04-24T18:06:31.650068Z,2025-09-10T08:45:34.950231Z,2026-04-24T18:06:34.125258Z,8591e195-6c73-4dcd-8351-b3dda89fbdda,yes,1772888402,48.2,0,0,23,400,(err),gone_400,
145,7e740591-691e-4b96-1be0-08ddf04438b2,vch,37744,400 North Ashley,Active,,,,,2025-09-10T08:32:19.024146Z,2025-09-10T08:32:22.468834Z,b594cbbe-b7f0-4efb-b4b3-51e28520c2f5,yes,,,0,0,0,401,(err),auth_fail,
147,c2aebe68-d31f-4c33-02bb-08dde70262a5,vch,35878,400 North Ashley,Active,,,,,2025-09-10T08:35:32.227516Z,2025-09-10T08:36:03.611965Z,8591e195-6c73-4dcd-8351-b3dda89fbdda,yes,,,0,0,0,400,(err),gone_400,
196,5c30e968-b48e-486c-4148-08de0265886d,autopatrol,37751,400 North Ashley,Active,,,,,2025-10-03T10:16:30.081307Z,2025-10-03T10:16:32.516199Z,e386800a-7c29-44d1-a15e-d9d96efe460b,yes,,,0,0,0,401,(err),auth_fail,
154,6c7605cd-07b7-45bc-1be5-08ddf04438b2,vch,37751,400 North Ashley,Active,,,,,2025-09-10T13:07:33.111778Z,2025-10-03T10:16:33.947814Z,e386800a-7c29-44d1-a15e-d9d96efe460b,yes,,,0,0,0,401,(err),auth_fail,
197,7ff2a743-9ef5-4c35-4149-08de0265886d,autopatrol,37751,400 North Ashley,Active,,,,,2025-10-03T10:31:29.095251Z,2025-10-03T10:31:31.487291Z,e386800a-7c29-44d1-a15e-d9d96efe460b,yes,,,0,0,0,401,(err),auth_fail,
136,3adc2460-f9dd-4d9e-02ad-08dde70262a5,vch,37458,400 North Ashley GF 1 (1),Active,,,,,2025-08-29T13:55:18.028901Z,2025-08-29T13:55:33.228612Z,1419710a-2fcb-4b53-8d0b-404a42f889ed,yes,,,0,0,0,200,Deleted,gone_explicit,
220,c40b2017-0f28-4793-c525-08de1b193ea0,vch,39381,4.1 Test Legacy Sch 3,Active,,,,,2025-11-04T15:30:23.373032Z,2025-11-04T15:30:38.464268Z,dfda7621-f1d3-4469-b6df-dea988fd81a9,yes,,,0,0,0,200,Deleted,gone_explicit,
101,d8e94727-7e40-45ca-785f-08ddcb586af6,vch,36237,"450 - 24th Avenue, AT&T (TIER 2)",Active,,,,,2025-07-29T07:50:13.235542Z,2026-01-07T17:43:04.844960Z,0ee7cb3f-4a3a-49b0-bcb5-73fce964b427,yes,,,0,0,0,401,(err),auth_fail,
146,ad2673dd-d567-4605-02bc-08dde70262a5,vch,35870,500 North Ashley,Active,,,,,2025-09-10T08:35:31.023033Z,2025-09-10T08:36:02.722100Z,8591e195-6c73-4dcd-8351-b3dda89fbdda,yes,,,0,0,0,400,(err),gone_400,
107,4814270e-809b-4a5f-786b-08ddcb586af6,vch,36258,6801 PLEASANT PINES DR.-IWATCH,Active,,,,,2025-07-29T16:40:25.110353Z,2025-08-27T14:30:48.960897Z,ac399cd6-2fdf-4659-b8e5-baea54075017,yes,,,0,0,0,401,(err),auth_fail,
61,17e7f1fe-8b2b-4b38-b9d8-08ddc53a8a29,vch,36017,851 South Beltline-AIS,Active,,,,,2025-07-22T17:01:18.353302Z,2025-07-22T17:02:14.891339Z,ac399cd6-2fdf-4659-b8e5-baea54075017,yes,,,0,0,0,401,(err),auth_fail,
200,6a77c297-4b1c-4d61-e286-08de0670527f,vch,38574,86 Kenwood,Active,,,cleanup_lambda:rollback-2026-04-24,2026-04-24T18:06:31.650068Z,2025-10-08T14:35:13.677714Z,2026-04-24T18:06:34.534792Z,74cf336c-f671-45ad-ba7b-193d4f2540f1,yes,,,0,0,0,200,Active,active,
98,03c75a67-3bd6-4dad-7854-08ddcb586af6,vch,36206,"932 - Schicker Ford, ACF Alarm (TIER 3)",Active,,,,,2025-07-28T15:10:19.251824Z,2026-01-07T17:43:05.590058Z,0ee7cb3f-4a3a-49b0-bcb5-73fce964b427,yes,,,0,0,0,401,(err),auth_fail,
204,abfd214c-ca64-4d3c-e282-08de0670527f,vch,38578,9 Dibble Street,Active,,,,,2025-10-08T14:35:19.597633Z,2025-10-08T14:35:29.456290Z,74cf336c-f671-45ad-ba7b-193d4f2540f1,yes,,,0,0,0,400,(err),gone_400,
186,152a203c-f380-4977-4f9a-08ddfc56029c,vch,38315,AB,Deleted,,,,,2025-09-28T17:18:10.512794Z,2025-09-28T17:18:10.512815Z,dfda7621-f1d3-4469-b6df-dea988fd81a9,yes,,,0,0,0,200,Deleted,gone_explicit,
175,dacc71f2-8805-41ce-4fae-08ddfc56029c,vch,38315,AB,Active,,,,,2025-09-28T17:16:20.453621Z,2025-09-28T17:17:01.951778Z,dfda7621-f1d3-4469-b6df-dea988fd81a9,yes,,,0,0,0,200,Deleted,gone_explicit,
275,53e13239-f447-4d19-1340-08de33786521,vch,40513,ABC Liquor Store 1,Active,,,,,2025-12-10T19:08:20.150163Z,2025-12-10T19:08:46.802537Z,7b533b5a-a071-43ab-beb9-fb1cb9ea4ce1,yes,,,0,0,0,200,Active,active,
273,f28714f1-b027-4b6f-1342-08de33786521,vch,40511,ABC Liquor Store 10,Active,,,,,2025-12-10T19:08:17.134920Z,2025-12-10T19:08:45.123171Z,7b533b5a-a071-43ab-beb9-fb1cb9ea4ce1,yes,,,0,0,0,200,Active,active,
272,dae27047-0a2d-4ce7-1343-08de33786521,vch,40510,ABC Liquor Store 11,Active,,,cleanup_lambda:rollback-2026-04-24,2026-04-24T18:06:31.650068Z,2025-12-10T19:08:15.723766Z,2026-04-24T18:06:34.970584Z,7b533b5a-a071-43ab-beb9-fb1cb9ea4ce1,yes,,,0,0,0,200,Active,active,
271,f346424b-58aa-4139-1344-08de33786521,vch,40509,ABC Liquor Store 12,Active,,,,,2025-12-10T19:08:14.386603Z,2025-12-10T19:08:43.149503Z,7b533b5a-a071-43ab-beb9-fb1cb9ea4ce1,yes,,,0,0,0,200,Active,active,
270,8dd034ff-0d3e-4a46-1345-08de33786521,vch,40508,ABC Liquor Store 13,Active,,,,,2025-12-10T19:08:12.607049Z,2025-12-10T19:08:42.370225Z,7b533b5a-a071-43ab-beb9-fb1cb9ea4ce1,yes,,,0,0,0,200,Active,active,
269,8b2c23ec-4bf6-4b64-1346-08de33786521,vch,40507,ABC Liquor Store 14,Active,,,,,2025-12-10T19:08:11.289228Z,2025-12-10T19:08:41.704901Z,7b533b5a-a071-43ab-beb9-fb1cb9ea4ce1,yes,,,0,0,0,200,Active,active,
268,747801a4-c36b-4eb3-1347-08de33786521,vch,40506,ABC Liquor Store 15,Active,,,,,2025-12-10T19:08:09.979046Z,2025-12-10T19:08:40.263921Z,7b533b5a-a071-43ab-beb9-fb1cb9ea4ce1,yes,,,0,0,0,200,Active,active,
267,8c241012-c3ec-42fd-1348-08de33786521,vch,40505,ABC Liquor Store 17,Active,,,,,2025-12-10T19:08:08.850984Z,2025-12-10T19:08:39.510811Z,7b533b5a-a071-43ab-beb9-fb1cb9ea4ce1,yes,,,0,0,0,200,Active,active,
281,98a491ef-c492-43aa-b0ae-08de3cae6556,vch,40792,ABC Liquor Store 18,Active,,,cleanup_lambda:rollback-2026-04-24,2026-04-24T18:06:31.650068Z,2025-12-18T17:42:58.358363Z,2026-04-24T18:06:35.461005Z,7b533b5a-a071-43ab-beb9-fb1cb9ea4ce1,yes,,,0,0,0,200,Active,active,
283,45d7c2a4-a6c4-4f3c-b0af-08de3cae6556,vch,40794,ABC Liquor Store 19,Active,,,,,2025-12-18T17:48:00.963182Z,2025-12-18T17:48:19.977895Z,7b533b5a-a071-43ab-beb9-fb1cb9ea4ce1,yes,,,0,0,0,200,Active,active,
266,68b32b48-9009-4447-1349-08de33786521,vch,40504,ABC Liquor Store 2,Active,,,,,2025-12-10T19:08:07.033695Z,2025-12-10T19:08:38.335270Z,7b533b5a-a071-43ab-beb9-fb1cb9ea4ce1,yes,,,0,0,0,200,Active,active,
282,88c34de2-ca06-4bcb-b0b0-08de3cae6556,vch,40793,ABC Liquor Store 20,Active,,,,,2025-12-18T17:47:59.729659Z,2025-12-18T17:48:19.236911Z,7b533b5a-a071-43ab-beb9-fb1cb9ea4ce1,yes,,,0,0,0,200,Active,active,
285,6abe801d-1b58-4f66-b0b1-08de3cae6556,vch,40797,ABC Liquor Store 21,Active,,,,,2025-12-18T17:53:03.491651Z,2025-12-18T17:53:24.976761Z,7b533b5a-a071-43ab-beb9-fb1cb9ea4ce1,yes,,,0,0,0,200,Active,active,
284,4828bd44-cdf2-4cb4-b0b2-08de3cae6556,vch,40796,ABC Liquor Store 22,Active,,,,,2025-12-18T17:53:02.026553Z,2025-12-18T17:53:23.424918Z,7b533b5a-a071-43ab-beb9-fb1cb9ea4ce1,yes,,,0,0,0,200,Active,active,
291,e1fa6c95-2b9e-4df0-b0b3-08de3cae6556,vch,40803,ABC Liquor Store 23,Active,,,,,2025-12-18T18:03:31.875072Z,2025-12-18T18:03:55.737788Z,7b533b5a-a071-43ab-beb9-fb1cb9ea4ce1,yes,,,0,0,0,200,Active,active,
290,1b666ee3-c841-4ec1-b0b4-08de3cae6556,vch,40802,ABC Liquor Store 24,Active,,,,,2025-12-18T18:03:30.339186Z,2025-12-18T18:03:55.194781Z,7b533b5a-a071-43ab-beb9-fb1cb9ea4ce1,yes,,,0,0,0,200,Active,active,
289,b1363751-f623-4dab-b0b5-08de3cae6556,vch,40801,ABC Liquor Store 25,Active,,,,,2025-12-18T18:03:28.898482Z,2025-12-18T18:03:54.050505Z,7b533b5a-a071-43ab-beb9-fb1cb9ea4ce1,yes,,,0,0,0,200,Active,active,
288,e62d4055-dfb2-4f37-b0b6-08de3cae6556,vch,40800,ABC Liquor Store 26,Active,,,,,2025-12-18T18:03:27.683687Z,2025-12-18T18:03:53.459684Z,7b533b5a-a071-43ab-beb9-fb1cb9ea4ce1,yes,,,0,0,0,200,Active,active,
287,14bcab4a-f15b-477f-b0b7-08de3cae6556,vch,40799,ABC Liquor Store 27,Active,,,,,2025-12-18T18:03:26.457381Z,2025-12-18T18:03:52.398119Z,7b533b5a-a071-43ab-beb9-fb1cb9ea4ce1,yes,,,0,0,0,200,Active,active,
286,e1a28e5c-0e7f-47ed-b0b8-08de3cae6556,vch,40798,ABC Liquor Store 28,Active,,,cleanup_lambda:rollback-2026-04-24,2026-04-24T18:06:31.650068Z,2025-12-18T18:03:25.248783Z,2026-04-24T18:06:36.252453Z,7b533b5a-a071-43ab-beb9-fb1cb9ea4ce1,yes,,,0,0,0,200,Active,active,
265,0c6efef8-7d43-43e6-134a-08de33786521,vch,40503,ABC Liquor Store 3,Active,,,,,2025-12-10T19:08:06.724733Z,2025-12-10T19:08:37.640454Z,7b533b5a-a071-43ab-beb9-fb1cb9ea4ce1,yes,,,0,0,0,200,Active,active,
264,96877bde-c8c2-423b-134b-08de33786521,vch,40502,ABC Liquor Store 4,Active,,,,,2025-12-10T19:08:04.496848Z,2025-12-10T19:08:36.642471Z,7b533b5a-a071-43ab-beb9-fb1cb9ea4ce1,yes,,,0,0,0,200,Active,active,
241,9be82076-adf8-4914-c53b-08de1b193ea0,vch,39631,ABC Liquor Store 5,Active,,,,,2025-11-12T18:36:29.549452Z,2025-11-12T18:36:40.520958Z,7b533b5a-a071-43ab-beb9-fb1cb9ea4ce1,yes,,,0,0,0,200,Active,active,
263,5aa13d66-cbcb-44ed-134c-08de33786521,vch,40501,ABC Liquor Store 6,Active,,,,,2025-12-10T19:08:03.102127Z,2025-12-10T19:08:35.869849Z,7b533b5a-a071-43ab-beb9-fb1cb9ea4ce1,yes,,,0,0,0,200,Active,active,
262,a73e1f21-af43-491d-134d-08de33786521,vch,40500,ABC Liquor Store 7,Active,,,,,2025-12-10T19:08:01.853126Z,2025-12-10T19:08:34.889759Z,7b533b5a-a071-43ab-beb9-fb1cb9ea4ce1,yes,,,0,0,0,200,Active,active,
261,c579861b-10cf-4d2a-134e-08de33786521,vch,40499,ABC Liquor Store 8,Active,,,,,2025-12-10T19:08:00.644218Z,2025-12-10T19:08:34.125004Z,7b533b5a-a071-43ab-beb9-fb1cb9ea4ce1,yes,,,0,0,0,200,Active,active,
274,b5127570-0803-41be-1341-08de33786521,vch,40512,ABC Liquor Store 9,Active,,,cleanup_lambda:rollback-2026-04-24,2026-04-24T18:06:31.650068Z,2025-12-10T19:08:18.367623Z,2026-04-24T18:06:36.705786Z,7b533b5a-a071-43ab-beb9-fb1cb9ea4ce1,yes,,,0,0,0,200,Active,active,
336,33d4530c-589e-4f41-49e3-08de4f8a91c4,vch,41265,Ace Hardware - Harris St.,Active,,,,,2026-01-13T20:37:37.272756Z,2026-01-13T20:38:18.880709Z,7b533b5a-a071-43ab-beb9-fb1cb9ea4ce1,yes,,,0,0,0,200,Active,active,
1,8b244b80-0d66-4663-b972-08ddc53a8a29,vch,35828,Acme Bank,Active,,,,,2025-07-17T14:29:59.858594Z,2025-08-27T14:31:05.755358Z,dfda7621-f1d3-4469-b6df-dea988fd81a9,yes,,,0,0,0,200,Paused,paused_manual_review,
126,6c8d6880-b77e-4d08-3547-08ddd9a1a200,vch,35828,Acme Bank,Active,,,,,2025-08-25T23:21:12.192749Z,2025-08-25T23:21:40.271485Z,dfda7621-f1d3-4469-b6df-dea988fd81a9,yes,,,0,0,0,200,Paused,paused_manual_review,
125,fd2853d6-13d9-4b41-3546-08ddd9a1a200,vch,35828,Acme Bank,Active,,,,,2025-08-25T14:06:10.905070Z,2025-08-27T14:31:04.774821Z,dfda7621-f1d3-4469-b6df-dea988fd81a9,yes,,,0,0,0,200,Paused,paused_manual_review,
66,41aab715-7fef-431f-b9d3-08ddc53a8a29,vch,36022,Advanced Integrated Main Office-AIS,Active,,,,,2025-07-22T17:01:25.071544Z,2025-07-22T17:02:18.934844Z,ac399cd6-2fdf-4659-b8e5-baea54075017,yes,,,0,0,0,401,(err),auth_fail,
338,5b0172e2-3720-4dbe-49e1-08de4f8a91c4,vch,41267,Advanced Security - Santa Rosa System,Active,,,cleanup_lambda:rollback-2026-04-24,2026-04-24T18:06:31.650068Z,2026-01-13T20:37:39.760769Z,2026-04-24T18:06:37.117004Z,7b533b5a-a071-43ab-beb9-fb1cb9ea4ce1,yes,,,0,0,0,200,Active,active,
337,4d1b0a71-05d8-45a5-49e2-08de4f8a91c4,vch,41266,Advanced Security Systems - Eureka Office,Active,,,,,2026-01-13T20:37:38.677722Z,2026-01-13T20:38:19.714735Z,7b533b5a-a071-43ab-beb9-fb1cb9ea4ce1,yes,,,0,0,0,200,Active,active,
28,0f7864ea-82a3-4370-b9f9-08ddc53a8a29,vch,35984,Airport Plaza Gulfport - AIS,Active,,,,,2025-07-22T17:00:37.144721Z,2025-07-22T17:01:48.040154Z,ac399cd6-2fdf-4659-b8e5-baea54075017,yes,,,0,0,0,401,(err),auth_fail,
260,e1f20e2d-7251-4110-133f-08de33786521,autopatrol,35832,Alibi Vigilant,Active,,,,,2025-12-10T18:32:52.348655Z,2025-12-10T18:33:25.417155Z,47dc2c1f-5c19-43fb-b5d5-753c5e96eb14,yes,1777054500,0.0,2674,672,11829,200,Active,active,
159,fbdfdba6-f62c-4cfe-8818-08ddf582ce91,vch,35832,Alibi Vigilant,Active,,,,,2025-09-17T18:55:38.738659Z,2025-09-17T18:56:12.279389Z,47dc2c1f-5c19-43fb-b5d5-753c5e96eb14,yes,,,0,0,0,200,Active,active,
138,ee1822f1-67c8-4874-02af-08dde70262a5,vch,35832,Alibi Vigilant,Active,,,,,2025-08-29T16:50:37.863968Z,2025-08-29T16:51:12.504732Z,47dc2c1f-5c19-43fb-b5d5-753c5e96eb14,yes,,,0,0,0,200,Active,active,
308,9dae9ec1-d84a-42d7-b0ca-08de3cae6556,autopatrol,35830,Alibi Witness,Active,,,,,2026-01-07T18:12:25.677893Z,2026-01-07T18:13:14.170507Z,47dc2c1f-5c19-43fb-b5d5-753c5e96eb14,yes,1776072600,11.4,137,0,685,200,Active,active,
309,d4c509bf-b160-4102-b0c9-08de3cae6556,autopatrol,35830,Alibi Witness,Active,,,,,2026-01-07T18:12:25.755344Z,2026-01-07T18:13:14.227628Z,47dc2c1f-5c19-43fb-b5d5-753c5e96eb14,yes,1776095100,11.1,1811,0,9040,200,Active,active,
117,30d09a39-567d-4ad5-f080-08ddd5de7db8,autopatrol,36708,All American Ford- Thrive Company Stewardship LLC,Deleted,,,,,2025-08-07T18:27:20.673352Z,2025-08-07T18:27:20.673367Z,ac399cd6-2fdf-4659-b8e5-baea54075017,yes,,,0,0,0,401,(err),auth_fail,
205,609644be-6632-40fc-e287-08de0670527f,vch,38579,Alpa Roof Trusses - 5532 Slaters Road,Active,,,cleanup_lambda:rollback-2026-04-24,2026-04-24T18:06:31.650068Z,2025-10-08T14:35:20.741856Z,2026-04-24T18:06:37.553862Z,74cf336c-f671-45ad-ba7b-193d4f2540f1,yes,,,0,0,0,200,Active,active,
195,938441e3-c339-4138-4fb4-08ddfc56029c,autopatrol,38380,Andrew's Test Site - DO NOT DELETE,Deleted,,,,,2025-09-30T15:31:49.956774Z,2025-09-30T15:31:49.956789Z,74cf336c-f671-45ad-ba7b-193d4f2540f1,yes,,,0,0,0,200,Deleted,gone_explicit,
194,7e5f4319-4747-400a-4fb3-08ddfc56029c,vch,38380,Andrew's Test Site - DO NOT DELETE,Active,,,,,2025-09-30T15:26:03.014799Z,2025-09-30T15:26:18.296421Z,74cf336c-f671-45ad-ba7b-193d4f2540f1,yes,,,0,0,0,200,Deleted,gone_explicit,
78,3637f0e7-fcdd-4f3a-ba00-08ddc53a8a29,vch,36006,ASM Recycling Inc.-AIS,Active,,,,,2025-07-22T18:30:03.606494Z,2025-08-27T14:30:57.948089Z,ac399cd6-2fdf-4659-b8e5-baea54075017,yes,,,0,0,0,401,(err),auth_fail,
1027,4670a056-8f93-4cc7-a03d-08de8f388c7e,autopatrol,40672,AutoPatrol-Live,Active,,,,,2026-04-07T17:41:02.365687Z,2026-04-07T17:41:38.447956Z,37575b9e-59eb-43dd-8c91-b8ad1bc470db,yes,1775678403,15.9,27,0,27,,(exc),other,
343,1ad7c349-a4cd-4c5a-49f9-08de4f8a91c4,autopatrol,35831,Axis site,Active,,,,,2026-01-15T18:07:46.100791Z,2026-01-15T18:08:49.201167Z,47dc2c1f-5c19-43fb-b5d5-753c5e96eb14,yes,1776718800,3.9,466,57,1681,200,Active,active,
259,6cb151aa-0bc8-4222-133d-08de33786521,autopatrol,35831,Axis site,Active,,,,,2025-12-09T17:51:50.634021Z,2025-12-09T17:52:26.664707Z,47dc2c1f-5c19-43fb-b5d5-753c5e96eb14,yes,1776720600,3.9,2505,301,11741,200,Active,active,
310,1ed43d73-ba4f-42d2-b0cb-08de3cae6556,autopatrol,35831,Axis site,Active,,,,,2026-01-07T18:47:25.626420Z,2026-01-07T18:48:16.165585Z,47dc2c1f-5c19-43fb-b5d5-753c5e96eb14,yes,1776720600,3.9,2506,301,9740,200,Active,active,
313,9089385f-09ab-41b4-b0cf-08de3cae6556,autopatrol,35831,Axis site,Active,,,,,2026-01-08T14:37:28.012019Z,2026-01-14T20:23:49.210316Z,47dc2c1f-5c19-43fb-b5d5-753c5e96eb14,yes,1776720600,3.9,936,114,3413,200,Active,active,
245,55d5ca7d-b625-4a86-c540-08de1b193ea0,vch,35831,Axis site,Active,,,,,2025-11-14T17:31:44.251809Z,2025-11-14T17:32:16.018403Z,47dc2c1f-5c19-43fb-b5d5-753c5e96eb14,yes,,,0,0,0,200,Active,active,
4,7b647754-d3e2-4944-1fae-08ddb8a5d232,vch,35831,Axis site,Active,,,,,2025-07-17T14:30:02.891179Z,2025-11-03T17:02:00.493272Z,47dc2c1f-5c19-43fb-b5d5-753c5e96eb14,yes,,,0,0,0,200,Active,active,
222,612e8660-0081-4d19-c527-08de1b193ea0,vch,35831,Axis site,Active,,,,,2025-11-04T17:00:23.178115Z,2025-11-04T17:00:39.537086Z,47dc2c1f-5c19-43fb-b5d5-753c5e96eb14,yes,,,0,0,0,200,Active,active,
234,1e2ee05f-f1f0-46da-c535-08de1b193ea0,vch,39418,Axis site (1),Active,,,cleanup_lambda:rollback-2026-04-24,2026-04-24T18:06:31.650068Z,2025-11-05T15:10:25.945642Z,2026-04-24T18:06:38.176656Z,47dc2c1f-5c19-43fb-b5d5-753c5e96eb14,yes,,,0,0,0,400,(err),gone_400,
235,636be1ba-57c9-4da1-c534-08de1b193ea0,vch,39418,Axis site (1),Active,,,cleanup_lambda:rollback-2026-04-24,2026-04-24T18:06:31.650068Z,2025-11-05T15:10:26.628118Z,2026-04-24T18:06:38.789228Z,47dc2c1f-5c19-43fb-b5d5-753c5e96eb14,yes,,,0,0,0,400,(err),gone_400,
244,e2942326-bf0a-4311-c53f-08de1b193ea0,vch,39705,Axis site  - Inheritance test - TO BE DISABLED,Active,,,,,2025-11-14T17:16:43.027647Z,2025-11-14T17:17:11.026930Z,47dc2c1f-5c19-43fb-b5d5-753c5e96eb14,yes,,,0,0,0,200,Active,active,
232,a13faadc-c009-4542-c532-08de1b193ea0,vch,39417,axis site - subsite,Active,,,,,2025-11-05T14:55:38.430565Z,2025-11-05T14:55:58.717018Z,47dc2c1f-5c19-43fb-b5d5-753c5e96eb14,yes,,,0,0,0,400,(err),gone_400,
233,2a6916e9-e359-46f7-c531-08de1b193ea0,vch,39417,axis site - subsite,Active,,,,,2025-11-05T14:55:39.027651Z,2025-11-05T14:55:59.321472Z,47dc2c1f-5c19-43fb-b5d5-753c5e96eb14,yes,,,0,0,0,400,(err),gone_400,
70,f13a8662-b07f-4428-b9cf-08ddc53a8a29,vch,36026,B & B Industrial-AIS,Active,,,,,2025-07-22T17:01:29.476312Z,2025-07-22T17:02:22.226901Z,ac399cd6-2fdf-4659-b8e5-baea54075017,yes,,,0,0,0,401,(err),auth_fail,
58,d0c7bffc-6cff-4132-b9db-08ddc53a8a29,vch,36014,Beach Laundromat-AIS,Active,,,,,2025-07-22T17:01:14.661924Z,2025-07-22T17:02:12.466122Z,ac399cd6-2fdf-4659-b8e5-baea54075017,yes,,,0,0,0,401,(err),auth_fail,
48,79e2848d-f5c1-4e29-b9e5-08ddc53a8a29,vch,36004,Beard Equipment Freeport-AIS,Active,,,,,2025-07-22T17:01:01.761325Z,2025-07-22T17:02:04.242663Z,ac399cd6-2fdf-4659-b8e5-baea54075017,yes,,,0,0,0,401,(err),auth_fail,
72,6eb42f45-9427-44c2-b9cd-08ddc53a8a29,vch,36028,Beard Equipment Mobile-AIS,Active,,,,,2025-07-22T17:01:32.005936Z,2025-07-22T17:02:23.912207Z,ac399cd6-2fdf-4659-b8e5-baea54075017,yes,,,0,0,0,401,(err),auth_fail,
49,6322a847-0fc7-424e-b9e4-08ddc53a8a29,vch,36005,Beard Equipment Panama City-AIS,Active,,,,,2025-07-22T17:01:03.133403Z,2025-07-22T17:02:05.204144Z,ac399cd6-2fdf-4659-b8e5-baea54075017,yes,,,0,0,0,401,(err),auth_fail,
71,dfa4db98-0b6c-413c-b9ce-08ddc53a8a29,vch,36027,Blue Water Yacht Sales-AIS,Active,,,,,2025-07-22T17:01:30.644792Z,2025-07-22T17:02:23.072165Z,ac399cd6-2fdf-4659-b8e5-baea54075017,yes,,,0,0,0,401,(err),auth_fail,
57,d6b9172c-2038-43a8-b9dc-08ddc53a8a29,vch,36013,Broadstreet Lofts-AIS,Active,,,,,2025-07-22T17:01:13.218501Z,2025-07-22T17:02:11.774280Z,ac399cd6-2fdf-4659-b8e5-baea54075017,yes,,,0,0,0,401,(err),auth_fail,
1059,1bdd1893-85a7-40b8-2e65-08de9f1c394b,vch,45061,Camect Test,Deleted,,,,,2026-04-23T15:57:37.075366Z,2026-04-23T15:57:37.075384Z,37575b9e-59eb-43dd-8c91-b8ad1bc470db,yes,,,0,0,0,,(exc),other,
1058,18aa2297-aa06-43da-2e6b-08de9f1c394b,vch,45061,Camect Test,Active,,,,,2026-04-23T15:51:02.395284Z,2026-04-23T15:51:35.217004Z,37575b9e-59eb-43dd-8c91-b8ad1bc470db,yes,,,0,0,0,,(exc),other,
62,276eeac7-b93e-44e8-b9d7-08ddc53a8a29,vch,36018,Candlewood Suites-AIS,Active,,,,,2025-07-22T17:01:19.816001Z,2025-07-22T17:02:16.051234Z,ac399cd6-2fdf-4659-b8e5-baea54075017,yes,,,0,0,0,401,(err),auth_fail,
67,2b004897-cb76-45ec-b9d2-08ddc53a8a29,vch,36023,Capital Volvo Trucks-AIS,Active,,,,,2025-07-22T17:01:25.892588Z,2025-07-22T17:02:19.733624Z,ac399cd6-2fdf-4659-b8e5-baea54075017,yes,,,0,0,0,401,(err),auth_fail,
109,70bebfa5-46aa-4bc4-7869-08ddcb586af6,vch,36260,Capitol Smoke - iWatch,Active,,,,,2025-07-29T16:40:28.068617Z,2025-08-27T14:30:51.473548Z,ac399cd6-2fdf-4659-b8e5-baea54075017,yes,,,0,0,0,401,(err),auth_fail,
44,6252efa0-653e-4d6e-b9e9-08ddc53a8a29,vch,36000,CarLock-AIS,Active,,,,,2025-07-22T17:00:56.955039Z,2025-07-22T17:02:01.066806Z,ac399cd6-2fdf-4659-b8e5-baea54075017,yes,,,0,0,0,401,(err),auth_fail,
111,8fcc0747-a1c0-4293-7867-08ddcb586af6,vch,36262,Carolina Gun Runners - iWatch,Active,,,,,2025-07-29T16:40:30.388311Z,2025-08-27T14:30:53.193233Z,ac399cd6-2fdf-4659-b8e5-baea54075017,yes,,,0,0,0,401,(err),auth_fail,
112,ca065520-19b7-45f7-7866-08ddcb586af6,vch,36263,Casa de los Shingles - iWatch,Active,,,,,2025-07-29T16:40:31.640693Z,2025-08-27T14:30:53.980656Z,ac399cd6-2fdf-4659-b8e5-baea54075017,yes,,,0,0,0,401,(err),auth_fail,
161,4ce420ea-0601-4c4d-881c-08ddf582ce91,vch,37989,Central District Complex - Site A,Active,,,,,2025-09-18T04:06:00.768233Z,2025-09-18T04:06:18.510968Z,1419710a-2fcb-4b53-8d0b-404a42f889ed,yes,,,0,0,0,200,Active,active,
463,b40356bb-169d-417f-4a74-08de7320782e,vch,42918,Centro Del Pueblo,Active,,,,,2026-02-23T21:17:17.736262Z,2026-02-23T21:17:37.497661Z,7b533b5a-a071-43ab-beb9-fb1cb9ea4ce1,yes,,,0,0,0,200,Active,active,
331,4a7f3874-a4e9-4e34-49e8-08de4f8a91c4,vch,41260,Cimino Electric,Active,,,,,2026-01-13T20:37:31.526271Z,2026-01-13T20:38:14.968867Z,7b533b5a-a071-43ab-beb9-fb1cb9ea4ce1,yes,,,0,0,0,200,Active,active,
894,cf2aed7a-0946-4003-efa1-08de8c302866,vch,45068,"CINTAS #0066 DENVER, CO (5600405)",Active,,,,,2026-03-27T19:57:04.159654Z,2026-04-08T18:36:58.977897Z,f858b03b-2a85-4771-89d5-dbf62456ed7b,yes,,,0,0,0,200,Active,active,
113,44796b28-a6f5-4337-7865-08ddcb586af6,vch,36264,Coats Auto Body - iWatch,Active,,,,,2025-07-29T16:40:32.880316Z,2025-08-27T14:30:54.764721Z,ac399cd6-2fdf-4659-b8e5-baea54075017,yes,,,0,0,0,401,(err),auth_fail,
105,3c352de0-c1ed-43e9-786d-08ddcb586af6,vch,36256,COMFY HOLDING INC-IWATCH,Active,,,,,2025-07-29T16:40:21.644935Z,2025-07-29T16:40:50.787624Z,ac399cd6-2fdf-4659-b8e5-baea54075017,yes,,,0,0,0,401,(err),auth_fail,
210,825cb227-b692-4c64-6a4b-08de07409dfa,vch,38711,CORPORATE SERVICES (5600055),Active,,,,,2025-10-13T19:16:20.655311Z,2026-03-31T19:41:35.628571Z,f858b03b-2a85-4771-89d5-dbf62456ed7b,yes,,,0,0,0,200,Paused,paused_manual_review,
1048,9dc3b41b-bb24-419c-a047-08de8f388c7e,vch,38711,CORPORATE SERVICES (5600055),Deleted,,,,,2026-04-09T21:17:18.173768Z,2026-04-09T21:17:18.173780Z,f858b03b-2a85-4771-89d5-dbf62456ed7b,yes,,,0,0,0,200,Deleted,gone_explicit,
39,66e86752-450a-4973-b9ee-08ddc53a8a29,vch,35995,Dean's Scrap Metal-AIS,Active,,,,,2025-07-22T17:00:50.743005Z,2025-07-22T17:01:56.996999Z,ac399cd6-2fdf-4659-b8e5-baea54075017,yes,,,0,0,0,401,(err),auth_fail,
30,38ac3e39-62a9-45cd-b9f7-08ddc53a8a29,vch,35986,DELTA MINI STORAGE - AIS,Active,,,,,2025-07-22T17:00:39.657575Z,2025-07-22T17:01:49.636007Z,ac399cd6-2fdf-4659-b8e5-baea54075017,yes,,,0,0,0,401,(err),auth_fail,
597,56de5b0a-9094-472c-2f4a-08de794c2d73,autopatrol,38316,DH,Active,,,,,2026-03-03T18:11:40.050312Z,2026-03-03T18:12:32.215729Z,dfda7621-f1d3-4469-b6df-dea988fd81a9,yes,1773838800,37.2,0,0,1417,200,Paused,paused_manual_review,
187,89295489-f629-41bc-4f99-08ddfc56029c,vch,38316,DH,Deleted,,,,,2025-09-28T17:18:12.258579Z,2025-09-28T17:18:12.258592Z,dfda7621-f1d3-4469-b6df-dea988fd81a9,yes,,,0,0,0,200,Deleted,gone_explicit,
598,0e8f2e9a-0fac-4f8d-49f0-08de4f8a91c4,autopatrol,38316,DH,Deleted,,,,,2026-03-03T18:14:09.156099Z,2026-03-03T18:14:09.156118Z,dfda7621-f1d3-4469-b6df-dea988fd81a9,yes,,,0,0,0,200,Deleted,gone_explicit,
223,c3808175-85e0-4961-c528-08de1b193ea0,vch,39385,DMP NLSS,Active,,,,,2025-11-04T17:10:23.027583Z,2025-11-04T17:10:40.263579Z,47dc2c1f-5c19-43fb-b5d5-753c5e96eb14,yes,,,0,0,0,200,Active,active,
36,a35daa15-8311-445f-b9f1-08ddc53a8a29,vch,35992,Earl Long - AIS,Active,,,,,2025-07-22T17:00:47.018220Z,2025-07-22T17:01:54.627080Z,ac399cd6-2fdf-4659-b8e5-baea54075017,yes,,,0,0,0,401,(err),auth_fail,
168,cf5dd7e2-abad-4ec8-4f9b-08ddfc56029c,vch,38235,EB,Deleted,,,,,2025-09-25T17:32:13.402822Z,2025-09-25T17:32:13.402840Z,dfda7621-f1d3-4469-b6df-dea988fd81a9,yes,,,0,0,0,200,Deleted,gone_explicit,
167,710491bb-05ee-41ef-4f9f-08ddfc56029c,autopatrol,38235,EB,Paused,,,,,2025-09-25T17:30:34.613266Z,2025-09-28T17:18:08.826199Z,dfda7621-f1d3-4469-b6df-dea988fd81a9,yes,,,0,0,0,200,Deleted,gone_explicit,
174,e014485f-3c22-47e9-4faf-08ddfc56029c,vch,38235,EB,Active,,,,,2025-09-28T17:16:19.316907Z,2025-09-28T17:17:01.213306Z,dfda7621-f1d3-4469-b6df-dea988fd81a9,yes,,,0,0,0,200,Deleted,gone_explicit,
240,8a500667-45b7-42f5-c539-08de1b193ea0,vch,39455,"ECS Coffee - 3100 Harvester Rd, Burlington",Active,,,,,2025-11-06T19:45:24.647241Z,2025-11-06T19:45:36.112110Z,be2da6ac-850e-4685-a874-d1e0c4b9e6f9,yes,,,0,0,0,200,Deleted,gone_explicit,
239,8e8cb174-8f38-4943-c53a-08de1b193ea0,vch,39453,ECS Coffee - Etobicoke,Active,,,,,2025-11-06T19:45:23.202615Z,2025-11-06T19:45:35.375596Z,be2da6ac-850e-4685-a874-d1e0c4b9e6f9,yes,,,0,0,0,400,(err),gone_400,
595,55439530-9de6-409b-5108-08de754553ed,vch,43138,Elva Nunes Residence,Active,,,,,2026-02-26T18:31:37.535488Z,2026-02-26T18:31:59.426577Z,7b533b5a-a071-43ab-beb9-fb1cb9ea4ce1,yes,,,0,0,0,400,(err),gone_400,
26,2fe71ad7-38cb-411a-b9fb-08ddc53a8a29,vch,35982,Elysian Memorial Park - AIS,Active,,,,,2025-07-22T17:00:34.623452Z,2025-07-22T17:01:46.462630Z,ac399cd6-2fdf-4659-b8e5-baea54075017,yes,,,0,0,0,401,(err),auth_fail,
110,52a4222b-3ca5-4fd6-7868-08ddcb586af6,vch,36261,First Flight Storage - iWatch,Active,,,,,2025-07-29T16:40:29.294806Z,2025-08-27T14:30:52.199142Z,ac399cd6-2fdf-4659-b8e5-baea54075017,yes,,,0,0,0,401,(err),auth_fail,
295,156784b2-6bbf-4571-b0bc-08de3cae6556,autopatrol,40890,GenTest,Active,,,,,2025-12-22T15:47:21.895975Z,2025-12-23T14:13:00.622876Z,37575b9e-59eb-43dd-8c91-b8ad1bc470db,yes,,,0,0,0,,(exc),other,
65,afd6424e-c2c4-4d28-b9d4-08ddc53a8a29,vch,36021,Grander Marine LLC.-AIS,Active,,,,,2025-07-22T17:01:23.485232Z,2025-07-22T17:02:18.190446Z,ac399cd6-2fdf-4659-b8e5-baea54075017,yes,,,0,0,0,401,(err),auth_fail,
120,d3e44531-32ee-40e3-3537-08ddd9a1a200,vch,37167,Guardian Test,Active,,,,,2025-08-21T15:05:58.193069Z,2025-08-21T15:06:12.277518Z,1419710a-2fcb-4b53-8d0b-404a42f889ed,yes,,,0,0,0,200,Deleted,gone_explicit,
102,06ab6849-3c78-428f-7862-08ddcb586af6,vch,36253,Gulf Shores Power Sports Building 1 (Outside)-GMS,Active,,,,,2025-07-29T16:35:17.871754Z,2025-08-27T14:30:57.188852Z,ac399cd6-2fdf-4659-b8e5-baea54075017,yes,,,0,0,0,401,(err),auth_fail,
104,3837e1c1-10ec-4414-7860-08ddcb586af6,vch,36255,Gulf Shores Power Sports (Building 2)-GMS,Active,,,,,2025-07-29T16:35:20.690489Z,2025-08-27T14:30:59.546801Z,ac399cd6-2fdf-4659-b8e5-baea54075017,yes,,,0,0,0,401,(err),auth_fail,
103,dac1ead8-0328-4bd2-7861-08ddcb586af6,vch,36254,Gulf Shores Powersports (Building 3)-GMS,Active,,,,,2025-07-29T16:35:19.442768Z,2025-08-27T14:30:58.786476Z,ac399cd6-2fdf-4659-b8e5-baea54075017,yes,,,0,0,0,401,(err),auth_fail,
1053,fc13c9bd-b82a-4b3b-871d-08de99738c40,vch,44781,GWSI|GoldenWestSecurity|308151|CinmarkKester,Active,,,,,2026-04-16T19:21:40.940235Z,2026-04-16T19:21:56.716598Z,cf3332da-49dd-4757-b64f-0d5e207ae9e2,yes,,,0,0,0,200,Deleted,gone_explicit,
1049,220a582c-ad11-4136-a048-08de8f388c7e,vch,44346,GWSI|GoldenWestSecurity|308479|SeaColonyApts,Active,,,cleanup_lambda:rollback-2026-04-24,2026-04-24T18:06:31.650068Z,2026-04-10T18:30:45.285052Z,2026-04-24T18:06:39.340035Z,cf3332da-49dd-4757-b64f-0d5e207ae9e2,yes,,,0,0,0,200,Active,active,
157,670dcb17-a549-4342-8815-08ddf582ce91,vch,37980,hanwha,Active,,,,,2025-09-17T18:55:35.086593Z,2025-09-17T18:56:07.821136Z,dfda7621-f1d3-4469-b6df-dea988fd81a9,yes,,,0,0,0,200,Deleted,gone_explicit,
1032,911ca04e-e0a8-45a8-a043-08de8f388c7e,vch,45845,hanwha 2 (Health Check),Deleted,,,,,2026-04-08T18:13:03.797227Z,2026-04-08T18:13:03.797239Z,dfda7621-f1d3-4469-b6df-dea988fd81a9,yes,,,0,0,0,200,Deleted,gone_explicit,
1033,56b9ba89-8985-4abb-d04c-08de842903cf,vch,45845,hanwha 2 (Health Check),Deleted,,,,,2026-04-08T18:13:03.908366Z,2026-04-08T18:13:03.908383Z,dfda7621-f1d3-4469-b6df-dea988fd81a9,yes,,,0,0,0,200,Deleted,gone_explicit,
1034,1c963f06-bcbf-45f8-d03c-08de842903cf,vch,45845,hanwha 2 (Health Check),Deleted,,,,,2026-04-08T18:13:04.082020Z,2026-04-08T18:13:04.082031Z,dfda7621-f1d3-4469-b6df-dea988fd81a9,yes,,,0,0,0,200,Deleted,gone_explicit,
1035,b5509ab8-9824-4f01-d03a-08de842903cf,vch,45845,hanwha 2 (Health Check),Deleted,,,,,2026-04-08T18:13:04.232447Z,2026-04-08T18:13:04.232466Z,dfda7621-f1d3-4469-b6df-dea988fd81a9,yes,,,0,0,0,200,Deleted,gone_explicit,
1036,e3b3ba1a-109a-4ca6-9eae-08de7df60b13,vch,45845,hanwha 2 (Health Check),Deleted,,,,,2026-04-08T18:13:04.424288Z,2026-04-08T18:13:04.424299Z,dfda7621-f1d3-4469-b6df-dea988fd81a9,yes,,,0,0,0,200,Deleted,gone_explicit,
1037,64ef36df-90eb-488e-865f-08de6b14f39b,vch,45845,hanwha 2 (Health Check),Deleted,,,,,2026-04-08T18:13:04.601004Z,2026-04-08T18:13:04.601016Z,dfda7621-f1d3-4469-b6df-dea988fd81a9,yes,,,0,0,0,200,Deleted,gone_explicit,
1051,7f02ec73-3af8-4b5f-871b-08de99738c40,vch,45845,hanwha 2 (Health Check),Paused,,,,,2026-04-14T18:25:57.386498Z,2026-04-14T18:27:23.874272Z,dfda7621-f1d3-4469-b6df-dea988fd81a9,yes,,,0,0,0,200,Deleted,gone_explicit,
1052,c76c0856-5216-4999-871c-08de99738c40,vch,45845,hanwha 2 (Health Check),Deleted,,,,,2026-04-14T18:27:23.225043Z,2026-04-14T18:27:23.225053Z,dfda7621-f1d3-4469-b6df-dea988fd81a9,yes,,,0,0,0,200,Deleted,gone_explicit,
252,0742c195-2a00-457d-ae2b-08de30eab4a6,autopatrol,40178,hanwha 3,Paused,,,,,2025-12-01T15:06:44.345321Z,2026-02-04T15:49:07.871097Z,dfda7621-f1d3-4469-b6df-dea988fd81a9,yes,1770219902,79.1,0,0,1135,200,Paused,paused_manual_review,
663,66ff7bd4-4b8b-4aaa-865e-08de6b14f39b,vch,43928,hanwha (Health Check),Deleted,,,,,2026-03-09T16:12:28.224249Z,2026-03-09T16:12:28.224263Z,dfda7621-f1d3-4469-b6df-dea988fd81a9,yes,,,0,0,0,200,Deleted,gone_explicit,
63,baf0893c-09fd-494a-b9d6-08ddc53a8a29,vch,36019,Hilton Garden Inn-AIS,Active,,,,,2025-07-22T17:01:20.876562Z,2025-07-22T17:02:16.638684Z,ac399cd6-2fdf-4659-b8e5-baea54075017,yes,,,0,0,0,401,(err),auth_fail,
276,84e19a3a-d847-4618-a958-08de3c0d225f,vch,38694,Immix Nottingham Office,Active,,,,,2025-12-15T19:09:31.853903Z,2025-12-15T19:09:33.470402Z,e386800a-7c29-44d1-a15e-d9d96efe460b,yes,,,0,0,0,401,(err),auth_fail,
247,8cb04a90-b09f-470c-a2ae-08de236d35cb,vch,38694,Immix Nottingham Office,Active,,,,,2025-11-17T15:13:29.378243Z,2025-12-15T18:04:34.153415Z,e386800a-7c29-44d1-a15e-d9d96efe460b,yes,,,0,0,0,401,(err),auth_fail,
246,f5f4d25e-3315-41c9-a2ad-08de236d35cb,vch,38694,Immix Nottingham Office,Active,,,,,2025-11-17T14:33:31.649922Z,2025-11-17T15:13:36.955450Z,e386800a-7c29-44d1-a15e-d9d96efe460b,yes,,,0,0,0,401,(err),auth_fail,
33,3817577f-be8c-44c8-b9f4-08ddc53a8a29,vch,35989,Joe Bullard Chevrolet - AIS,Active,,,,,2025-07-22T17:00:43.331514Z,2025-07-22T17:01:52.206640Z,ac399cd6-2fdf-4659-b8e5-baea54075017,yes,,,0,0,0,401,(err),auth_fail,
352,2cd94340-4b88-45aa-63a1-08de68121368,autopatrol,42376,Journey Juice (2),Active,,,cleanup_lambda:rollback-2026-04-24,2026-04-24T18:06:31.650068Z,2026-02-10T20:52:13.582763Z,2026-04-24T18:06:39.951670Z,4e352315-7c11-42ef-9d88-8713176e1948,yes,1771107300,68.8,0,0,5,200,Deleted,gone_explicit,
497,46939693-c7f9-4711-4a76-08de7320782e,autopatrol,38313,Lab Audio,Paused,,,,,2026-02-24T22:48:35.561236Z,2026-02-25T19:19:04.765985Z,dfda7621-f1d3-4469-b6df-dea988fd81a9,yes,1772046900,58.0,0,0,82,200,Paused,paused_manual_review,
184,4e5abae7-5182-45c8-4f9e-08ddfc56029c,vch,38313,Lab Audio,Deleted,,,,,2025-09-28T17:18:01.619039Z,2025-09-28T17:18:01.619066Z,dfda7621-f1d3-4469-b6df-dea988fd81a9,yes,,,0,0,0,200,Deleted,gone_explicit,
498,02812a83-7834-4c01-49f5-08de4f8a91c4,autopatrol,38313,Lab Audio,Deleted,,,,,2026-02-24T22:50:39.971366Z,2026-02-24T22:50:39.971379Z,dfda7621-f1d3-4469-b6df-dea988fd81a9,yes,,,0,0,0,200,Deleted,gone_explicit,
250,8ad5672f-649c-4054-c544-08de1b193ea0,autopatrol,38313,Lab Audio,Paused,,,,,2025-11-20T17:06:48.478841Z,2026-02-24T22:50:40.115480Z,dfda7621-f1d3-4469-b6df-dea988fd81a9,yes,,,0,0,0,200,Deleted,gone_explicit,
185,0f532fbd-a3df-4fd9-4f9d-08ddfc56029c,vch,38314,Lab Hik,Deleted,,,,,2025-09-28T17:18:03.275547Z,2025-09-28T17:18:03.275561Z,dfda7621-f1d3-4469-b6df-dea988fd81a9,yes,,,0,0,0,200,Deleted,gone_explicit,
172,f9be679d-7474-47d9-4fb1-08ddfc56029c,vch,38314,Lab Hik,Active,,,,,2025-09-28T17:16:17.161735Z,2025-09-28T17:16:59.790371Z,dfda7621-f1d3-4469-b6df-dea988fd81a9,yes,,,0,0,0,200,Deleted,gone_explicit,
76,eb270312-a618-4903-b9c9-08ddc53a8a29,vch,36032,Ladd Supply-AIS,Active,,,,,2025-07-22T17:01:36.744568Z,2025-07-22T17:02:27.152236Z,ac399cd6-2fdf-4659-b8e5-baea54075017,yes,,,0,0,0,401,(err),auth_fail,
75,1020dfc2-b30c-4808-b9ca-08ddc53a8a29,vch,36031,Lanier Construction-AIS,Active,,,,,2025-07-22T17:01:35.564852Z,2025-07-22T17:02:26.414656Z,ac399cd6-2fdf-4659-b8e5-baea54075017,yes,,,0,0,0,401,(err),auth_fail,
333,9a97942b-c5f5-4808-49e6-08de4f8a91c4,vch,41262,"Link Housing - 550 M St, Eureka, CA",Active,,,,,2026-01-13T20:37:33.847646Z,2026-01-13T20:38:16.516087Z,7b533b5a-a071-43ab-beb9-fb1cb9ea4ce1,yes,,,0,0,0,200,Active,active,
330,6a065a14-823b-4345-49e9-08de4f8a91c4,vch,41259,Link Housing - 611 8th St,Active,,,,,2026-01-13T20:37:30.279452Z,2026-01-13T20:38:13.447193Z,7b533b5a-a071-43ab-beb9-fb1cb9ea4ce1,yes,,,0,0,0,200,Active,active,
332,15060ed4-9772-4997-49e7-08de4f8a91c4,vch,41261,Link Housing - Myrtle Ave,Active,,,cleanup_lambda:rollback-2026-04-24,2026-04-24T18:06:31.650068Z,2026-01-13T20:37:32.696083Z,2026-04-24T18:06:40.643928Z,7b533b5a-a071-43ab-beb9-fb1cb9ea4ce1,yes,,,0,0,0,200,Active,active,
596,65c62d88-d814-4b7a-2f49-08de794c2d73,autopatrol,41158,Live Site 2,Paused,,,,,2026-03-03T17:46:41.358304Z,2026-03-26T19:17:35.518396Z,37575b9e-59eb-43dd-8c91-b8ad1bc470db,yes,1774551601,29.0,1,0,83,,(exc),other,
365,a557e14d-0f33-46b4-8658-08de6b14f39b,vch,41158,Live Site 2,Deleted,,,,,2026-02-17T15:09:32.989628Z,2026-02-17T15:09:32.989648Z,37575b9e-59eb-43dd-8c91-b8ad1bc470db,yes,,,0,0,0,,(exc),other,
1026,e6ccef6b-2d9d-4341-a03f-08de8f388c7e,autopatrol,41158,Live Site 2,Paused,,,,,2026-04-07T17:41:01.268706Z,2026-04-09T17:52:40.363426Z,37575b9e-59eb-43dd-8c91-b8ad1bc470db,yes,1775678401,15.9,53,0,53,,(exc),other,
761,b281d97f-0d17-49bd-d04d-08de842903cf,vch,41158,Live Site 2,Active,,,,,2026-03-20T18:02:15.900239Z,2026-04-10T19:13:36.485036Z,37575b9e-59eb-43dd-8c91-b8ad1bc470db,yes,,,0,0,0,,(exc),other,
34,c1e22a12-3786-42a5-b9f3-08ddc53a8a29,vch,35990,Living Word Christian Center-AIS,Active,,,,,2025-07-22T17:00:44.732719Z,2025-07-22T17:01:52.890425Z,ac399cd6-2fdf-4659-b8e5-baea54075017,yes,,,0,0,0,401,(err),auth_fail,
143,db821de2-4f2e-46b9-1be1-08ddf04438b2,vch,37742,London,Active,,,,,2025-09-10T08:32:15.864565Z,2025-09-10T08:32:20.429901Z,b594cbbe-b7f0-4efb-b4b3-51e28520c2f5,yes,,,0,0,0,401,(err),auth_fail,
148,54923949-a0c2-40ea-02bd-08dde70262a5,vch,35876,London,Active,,,,,2025-09-10T08:40:32.066796Z,2025-09-10T08:41:05.792279Z,8591e195-6c73-4dcd-8351-b3dda89fbdda,yes,,,0,0,0,400,(err),gone_400,
51,31d50208-e62d-48fa-b9e2-08ddc53a8a29,vch,36007,Long and Long-AIS,Active,,,,,2025-07-22T17:01:05.667118Z,2025-07-22T17:02:06.895351Z,ac399cd6-2fdf-4659-b8e5-baea54075017,yes,,,0,0,0,401,(err),auth_fail,
55,121d9c4c-9b88-4ab2-b9de-08ddc53a8a29,vch,36011,Marine Street Lofts-AIS,Active,,,,,2025-07-22T17:01:10.680714Z,2025-07-22T17:02:10.064087Z,ac399cd6-2fdf-4659-b8e5-baea54075017,yes,,,0,0,0,401,(err),auth_fail,
37,7b998c05-cc92-4284-b9f0-08ddc53a8a29,vch,35993,Mark Sofge- AIS,Active,,,,,2025-07-22T17:00:48.276980Z,2025-07-22T17:01:55.407092Z,ac399cd6-2fdf-4659-b8e5-baea54075017,yes,,,0,0,0,401,(err),auth_fail,
189,f51ce963-78c0-4e26-4f97-08ddfc56029c,vch,38318,McCall,Deleted,,,,,2025-09-28T17:18:15.662405Z,2025-09-28T17:18:15.662419Z,dfda7621-f1d3-4469-b6df-dea988fd81a9,yes,,,0,0,0,200,Deleted,gone_explicit,
178,667a7dd8-2b08-47d6-4fab-08ddfc56029c,vch,38318,McCall,Active,,,,,2025-09-28T17:16:23.817464Z,2025-09-28T17:17:04.468464Z,dfda7621-f1d3-4469-b6df-dea988fd81a9,yes,,,0,0,0,200,Deleted,gone_explicit,
59,c585f6b7-e5be-4e6d-b9da-08ddc53a8a29,vch,36015,McConnell Automotive-AIS,Active,,,,,2025-07-22T17:01:15.955115Z,2025-07-22T17:02:13.306298Z,ac399cd6-2fdf-4659-b8e5-baea54075017,yes,,,0,0,0,401,(err),auth_fail,
42,7634b7c0-f0c8-47f0-b9eb-08ddc53a8a29,vch,35998,Metal Roofing Center & Supply-AIS,Active,,,,,2025-07-22T17:00:54.723109Z,2025-07-22T17:01:59.323005Z,ac399cd6-2fdf-4659-b8e5-baea54075017,yes,,,0,0,0,401,(err),auth_fail,
335,117cb29f-c63e-481e-49e4-08de4f8a91c4,vch,41264,Mission Ace Hardware and Lumber,Active,,,,,2026-01-13T20:37:36.133725Z,2026-01-13T20:38:18.017494Z,7b533b5a-a071-43ab-beb9-fb1cb9ea4ce1,yes,,,0,0,0,200,Active,active,
133,3f8d5271-43b5-49c5-b97b-08ddc53a8a29,autopatrol,37261,New Office Cams,Deleted,,,,,2025-08-27T14:27:09.183482Z,2025-08-27T14:27:09.183503Z,47dc2c1f-5c19-43fb-b5d5-753c5e96eb14,yes,,,0,0,0,200,Deleted,gone_explicit,
131,97c853a4-59d2-4c6e-b97d-08ddc53a8a29,vch,37261,New Office Cams,Paused,,,,,2025-08-26T19:01:11.269239Z,2025-11-05T14:46:30.671619Z,47dc2c1f-5c19-43fb-b5d5-753c5e96eb14,yes,,,0,0,0,200,Paused,paused_manual_review,
134,4f4786a0-184b-4db4-b973-08ddc53a8a29,vch,37261,New Office Cams,Deleted,,,,,2025-08-27T14:27:09.909305Z,2025-08-27T14:27:09.909322Z,47dc2c1f-5c19-43fb-b5d5-753c5e96eb14,yes,,,0,0,0,200,Deleted,gone_explicit,
132,23fc5dbb-68ab-4ec8-b97a-08ddc53a8a29,vch,37261,New Office Cams,Paused,,,,,2025-08-26T19:06:08.273433Z,2025-11-05T14:46:31.221767Z,47dc2c1f-5c19-43fb-b5d5-753c5e96eb14,yes,,,0,0,0,200,Paused,paused_manual_review,
130,3be27053-3965-403d-b97e-08ddc53a8a29,vch,37261,New Office Cams,Paused,,,,,2025-08-26T19:01:10.414819Z,2025-11-05T14:46:30.080025Z,47dc2c1f-5c19-43fb-b5d5-753c5e96eb14,yes,,,0,0,0,200,Paused,paused_manual_review,
144,4cef2d66-2847-4498-1be2-08ddf04438b2,vch,37743,New York,Active,,,,,2025-09-10T08:32:17.634598Z,2025-09-10T08:32:21.532880Z,b594cbbe-b7f0-4efb-b4b3-51e28520c2f5,yes,,,0,0,0,401,(err),auth_fail,
149,e0f9c21f-05a2-4c32-02be-08dde70262a5,vch,35877,New York,Active,,,,,2025-09-10T08:40:33.270040Z,2025-09-10T08:41:06.619235Z,8591e195-6c73-4dcd-8351-b3dda89fbdda,yes,,,0,0,0,400,(err),gone_400,
23,36aef843-4be3-4df6-b9fe-08ddc53a8a29,vch,35979,North Gate Apartments - AIS - BAD ACCOUNT,Active,,,,,2025-07-22T17:00:30.692936Z,2025-07-22T17:01:44.134861Z,ac399cd6-2fdf-4659-b8e5-baea54075017,yes,,,0,0,0,401,(err),auth_fail,
188,a3a66cf3-7f24-453f-4f98-08ddfc56029c,vch,38317,NS,Deleted,,,,,2025-09-28T17:18:13.956411Z,2025-09-28T17:18:13.956427Z,dfda7621-f1d3-4469-b6df-dea988fd81a9,yes,,,0,0,0,200,Deleted,gone_explicit,
177,f5b997e9-5076-4860-4fac-08ddfc56029c,vch,38317,NS,Active,,,,,2025-09-28T17:16:22.757536Z,2025-09-28T17:17:03.722062Z,dfda7621-f1d3-4469-b6df-dea988fd81a9,yes,,,0,0,0,200,Deleted,gone_explicit,
68,6b49bf73-4919-489f-b9d1-08ddc53a8a29,vch,36024,Ocean Marine Daphne-AIS,Active,,,,,2025-07-22T17:01:27.066059Z,2025-07-22T17:02:20.652064Z,ac399cd6-2fdf-4659-b8e5-baea54075017,yes,,,0,0,0,401,(err),auth_fail,
38,4ec841fe-5528-463e-b9ef-08ddc53a8a29,vch,35994,Ocean Marine Foley- 7623 Hwy 59- AIS,Active,,,,,2025-07-22T17:00:49.568040Z,2025-07-22T17:01:56.222228Z,ac399cd6-2fdf-4659-b8e5-baea54075017,yes,,,0,0,0,401,(err),auth_fail,
27,cab27a3e-9770-4142-b9fa-08ddc53a8a29,vch,35983,Ocean Marine Foley -7651 Hwy 59- AIS,Active,,,,,2025-07-22T17:00:35.864194Z,2025-07-22T17:01:47.304878Z,ac399cd6-2fdf-4659-b8e5-baea54075017,yes,,,0,0,0,401,(err),auth_fail,
74,c9c16c35-270e-4543-b9cb-08ddc53a8a29,vch,36030,Ocean Marine Gulf Port-AIS,Active,,,,,2025-07-22T17:01:34.334711Z,2025-07-22T17:02:25.450468Z,ac399cd6-2fdf-4659-b8e5-baea54075017,yes,,,0,0,0,401,(err),auth_fail,
73,816a557e-8b26-4808-b9cc-08ddc53a8a29,vch,36029,Ocean Marine Ocean Springs-AIS,Active,,,,,2025-07-22T17:01:33.091292Z,2025-07-22T17:02:24.624454Z,ac399cd6-2fdf-4659-b8e5-baea54075017,yes,,,0,0,0,401,(err),auth_fail,
54,2d864525-6c5c-47f0-b9df-08ddc53a8a29,vch,36010,Old Shell Lofts-AIS,Active,,,,,2025-07-22T17:01:09.407302Z,2025-07-22T17:02:09.330312Z,ac399cd6-2fdf-4659-b8e5-baea54075017,yes,,,0,0,0,401,(err),auth_fail,
53,aaebbe90-f2a5-4e57-b9e0-08ddc53a8a29,vch,36009,PFM Trucking-DBA American Waste Solutions-AIS,Active,,,,,2025-07-22T17:01:08.099371Z,2025-07-22T17:02:08.395343Z,ac399cd6-2fdf-4659-b8e5-baea54075017,yes,,,0,0,0,401,(err),auth_fail,
164,790a386f-fdea-4ff6-881b-08ddf582ce91,vch,37990,Rick Test Site 2,Paused,,,,,2025-09-18T04:06:55.026025Z,2025-09-18T04:06:55.026040Z,1419710a-2fcb-4b53-8d0b-404a42f889ed,yes,,,0,0,0,200,Paused,paused_manual_review,
696,836fa518-adce-4f9f-9eb0-08de7df60b13,vch,44029,RRMS Corona Office - 80409998 VID4000,Deleted,,,,,2026-03-11T13:57:49.667451Z,2026-03-11T13:57:49.667466Z,69e1fb38-3413-4023-b6f8-c3d687bd6f61,yes,,,0,0,0,200,Deleted,gone_explicit,
697,84b6901e-0850-49a2-9eb2-08de7df60b13,vch,43637,RRMS Internal Testing - VID9999,Active,,,cleanup_lambda:rollback-2026-04-24,2026-04-24T18:06:31.650068Z,2026-03-11T17:15:39.904608Z,2026-04-24T18:06:41.155673Z,69e1fb38-3413-4023-b6f8-c3d687bd6f61,yes,,,0,0,0,200,Active,active,
1050,54801b82-abb4-424b-871a-08de99738c40,vch,43637,RRMS Internal Testing - VID9999,Active,,,,,2026-04-13T15:45:45.082702Z,2026-04-13T15:46:00.707863Z,69e1fb38-3413-4023-b6f8-c3d687bd6f61,yes,,,0,0,0,200,Active,active,
217,a2050da9-81d5-47ba-6a51-08de07409dfa,vch,39252,(RVM2657) 8A4265 - Pemberton HCC,Active,,,,,2025-10-30T23:21:19.530844Z,2025-10-30T23:21:27.173087Z,cc24a89f-d7d1-4648-9ce8-d29301dfb266,yes,,,0,0,0,401,(err),auth_fail,
221,c5c3b241-c23d-4ff5-c526-08de1b193ea0,vch,39346,(RVM2730) PTI Monitoring - 420 William St Victoria,Paused,,,,,2025-11-04T16:10:16.170268Z,2025-11-25T17:52:24.534847Z,cc24a89f-d7d1-4648-9ce8-d29301dfb266,yes,,,0,0,0,401,(err),auth_fail,
29,71a37d74-aa1b-4c31-b9f8-08ddc53a8a29,vch,35985,Safe Storage - AIS,Active,,,,,2025-07-22T17:00:38.401873Z,2025-07-22T17:01:48.854138Z,ac399cd6-2fdf-4659-b8e5-baea54075017,yes,,,0,0,0,401,(err),auth_fail,
47,89f72534-4640-45a6-b9e6-08ddc53a8a29,vch,36003,Select Auto Group (I-65)-AIS,Active,,,,,2025-07-22T17:01:00.581053Z,2025-07-22T17:02:03.507423Z,ac399cd6-2fdf-4659-b8e5-baea54075017,yes,,,0,0,0,401,(err),auth_fail,
56,ace160eb-ae11-4371-b9dd-08ddc53a8a29,vch,36012,Select Auto Group Moffet BLDG 1 - AIS,Active,,,,,2025-07-22T17:01:11.847187Z,2025-07-22T17:02:10.855711Z,ac399cd6-2fdf-4659-b8e5-baea54075017,yes,,,0,0,0,401,(err),auth_fail,
46,cc9ca027-b62a-4bb4-b9e7-08ddc53a8a29,vch,36002,Select Auto Group Moffet BLDG 2 - AIS - BAD ACCOUNT,Active,,,,,2025-07-22T17:00:59.395321Z,2025-07-22T17:02:02.649258Z,ac399cd6-2fdf-4659-b8e5-baea54075017,yes,,,0,0,0,401,(err),auth_fail,
77,bbc6c467-a1c5-4029-b9c8-08ddc53a8a29,vch,36033,Sequel Electrical Supply-AIS,Active,,,,,2025-07-22T17:01:38.272105Z,2025-07-22T17:02:27.877820Z,ac399cd6-2fdf-4659-b8e5-baea54075017,yes,,,0,0,0,401,(err),auth_fail,
45,d977852e-aa20-4786-b9e8-08ddc53a8a29,vch,36001,Silver Ships Mobile - AIS,Active,,,,,2025-07-22T17:00:58.152442Z,2025-07-22T17:02:01.838524Z,ac399cd6-2fdf-4659-b8e5-baea54075017,yes,,,0,0,0,401,(err),auth_fail,
31,49e88221-1756-4f0d-b9f6-08ddc53a8a29,vch,35987,Silver Ships Theodore - AIS,Active,,,,,2025-07-22T17:00:41.043116Z,2025-07-22T17:01:50.469078Z,ac399cd6-2fdf-4659-b8e5-baea54075017,yes,,,0,0,0,401,(err),auth_fail,
160,9bc5e518-29df-4889-8817-08ddf582ce91,vch,35829,Site 1,Deleted,,,,,2025-09-17T18:57:09.958038Z,2025-09-17T18:57:09.958053Z,dfda7621-f1d3-4469-b6df-dea988fd81a9,yes,,,0,0,0,200,Deleted,gone_explicit,
340,909b0237-c54c-4fdb-49f6-08de4f8a91c4,autopatrol,35829,Site 1,Paused,,,,,2026-01-14T17:27:44.505363Z,2026-01-15T18:35:43.220952Z,dfda7621-f1d3-4469-b6df-dea988fd81a9,yes,1768496413,99.1,0,0,1,200,Paused,paused_manual_review,
192,b2cf1550-651c-4fce-4f94-08ddfc56029c,vch,35829,Site 1,Deleted,,,,,2025-09-28T17:18:23.825079Z,2025-09-28T17:18:23.825094Z,dfda7621-f1d3-4469-b6df-dea988fd81a9,yes,,,0,0,0,200,Deleted,gone_explicit,
341,140e67cc-de3e-438f-49eb-08de4f8a91c4,autopatrol,35829,Site 1,Deleted,,,,,2026-01-14T17:30:39.621167Z,2026-01-14T17:30:39.621184Z,dfda7621-f1d3-4469-b6df-dea988fd81a9,yes,,,0,0,0,200,Deleted,gone_explicit,
339,f5e2e1cf-b6fe-426c-49f7-08de4f8a91c4,vch,35829,Site 1,Paused,,,,,2026-01-14T17:27:43.746469Z,2026-01-15T18:35:43.172645Z,dfda7621-f1d3-4469-b6df-dea988fd81a9,yes,,,0,0,0,200,Paused,paused_manual_review,
992,11d09ce2-befe-435e-a03c-08de8f388c7e,autopatrol,38319,Site 2,Active,,,,,2026-04-02T13:21:01.063547Z,2026-04-02T13:21:32.657690Z,dfda7621-f1d3-4469-b6df-dea988fd81a9,yes,,,0,0,0,200,Deleted,gone_explicit,
191,1c089bfe-69dd-4bf2-4f95-08ddfc56029c,vch,38319,Site 2,Deleted,,,,,2025-09-28T17:18:20.624799Z,2025-09-28T17:18:20.624814Z,dfda7621-f1d3-4469-b6df-dea988fd81a9,yes,,,0,0,0,200,Deleted,gone_explicit,
993,39e1d98e-3924-47c2-49ec-08de4f8a91c4,autopatrol,38319,Site 2,Deleted,,,,,2026-04-02T13:22:26.339366Z,2026-04-02T13:22:26.339377Z,dfda7621-f1d3-4469-b6df-dea988fd81a9,yes,,,0,0,0,200,Deleted,gone_explicit,
170,f9611595-41bb-49e4-4f96-08ddfc56029c,vch,37325,Site 3,Deleted,,,,,2025-09-26T16:37:08.701322Z,2025-09-26T16:37:08.701345Z,dfda7621-f1d3-4469-b6df-dea988fd81a9,yes,,,0,0,0,200,Deleted,gone_explicit,
190,5046995a-efd9-4cfb-4fa4-08ddfc56029c,vch,37325,Site 3,Deleted,,,,,2025-09-28T17:18:18.843965Z,2025-09-28T17:18:18.843981Z,dfda7621-f1d3-4469-b6df-dea988fd81a9,yes,,,0,0,0,200,Deleted,gone_explicit,
257,f1f30a00-9a90-4884-133c-08de33786521,vch,37325,Site 3,Active,,,,,2025-12-09T16:51:40.638119Z,2025-12-09T16:52:08.835352Z,dfda7621-f1d3-4469-b6df-dea988fd81a9,yes,,,0,0,0,200,Deleted,gone_explicit,
124,30eb029c-9068-40c9-3545-08ddd9a1a200,vch,37255,Site 4,Paused,,,,,2025-08-23T13:51:09.410337Z,2025-09-28T17:18:07.686403Z,dfda7621-f1d3-4469-b6df-dea988fd81a9,yes,,,0,0,0,200,Deleted,gone_explicit,
166,f64800c1-76b0-4595-4f92-08ddfc56029c,vch,37255,Site 4,Paused,,,,,2025-09-25T17:10:36.896797Z,2025-09-28T17:18:06.956339Z,dfda7621-f1d3-4469-b6df-dea988fd81a9,yes,,,0,0,0,200,Deleted,gone_explicit,
173,86dee5c6-a26b-42d5-4fb0-08ddfc56029c,vch,37255,Site 4,Active,,,,,2025-09-28T17:16:18.179852Z,2025-09-28T17:17:00.522345Z,dfda7621-f1d3-4469-b6df-dea988fd81a9,yes,,,0,0,0,200,Deleted,gone_explicit,
320,8b936a54-8218-4e12-49d6-08de4f8a91c4,autopatrol,36799,Site A,Paused,,,,,2026-01-09T15:37:28.245023Z,2026-01-21T15:30:29.869778Z,dfda7621-f1d3-4469-b6df-dea988fd81a9,yes,1769008506,93.1,0,0,41,200,Paused,paused_manual_review,
256,31391dcb-52e2-4f45-133b-08de33786521,autopatrol,36799,Site A,Deleted,,,,,2025-12-09T15:33:02.742347Z,2025-12-09T15:33:02.742364Z,dfda7621-f1d3-4469-b6df-dea988fd81a9,yes,,,0,0,0,200,Deleted,gone_explicit,
1054,4b929eb3-d812-442e-3872-08dea13d817e,autopatrol,36799,Site A,Active,,,,,2026-04-23T15:08:18.487160Z,2026-04-23T15:08:53.748101Z,dfda7621-f1d3-4469-b6df-dea988fd81a9,yes,,,0,0,0,200,Paused,paused_manual_review,
193,ff1d998e-416e-431b-4f93-08ddfc56029c,vch,36799,Site A,Deleted,,,,,2025-09-28T17:18:27.145717Z,2025-09-28T17:18:27.145782Z,dfda7621-f1d3-4469-b6df-dea988fd81a9,yes,,,0,0,0,200,Deleted,gone_explicit,
344,a3ade835-c449-491f-49ea-08de4f8a91c4,autopatrol,36799,Site A,Deleted,,,,,2026-01-20T13:55:28.077755Z,2026-01-20T13:55:28.077784Z,dfda7621-f1d3-4469-b6df-dea988fd81a9,yes,,,0,0,0,200,Deleted,gone_explicit,
1055,1615c337-1d2f-4bd5-3870-08dea13d817e,vch,36799,Site A,Active,,,,,2026-04-23T15:08:18.562896Z,2026-04-23T15:08:54.379863Z,dfda7621-f1d3-4469-b6df-dea988fd81a9,yes,,,0,0,0,200,Paused,paused_manual_review,
25,66d9a73d-f2c3-4e28-b9fc-08ddc53a8a29,vch,35981,Smalls Mortuary - AIS,Active,,,,,2025-07-22T17:00:33.399274Z,2025-07-22T17:01:45.634351Z,ac399cd6-2fdf-4659-b8e5-baea54075017,yes,,,0,0,0,401,(err),auth_fail,
860,c79917be-ac41-4fc9-909f-08de89ba3755,vch,44879,Solful - Petaluma,Active,,,,,2026-03-25T19:45:45.478353Z,2026-03-25T19:46:02.765752Z,7b533b5a-a071-43ab-beb9-fb1cb9ea4ce1,yes,,,0,0,0,200,Active,active,
106,23c9a385-200d-4c13-786c-08ddcb586af6,vch,36257,SS Automotive - IWatch Security,Active,,,,,2025-07-29T16:40:23.868273Z,2025-08-27T14:30:48.214788Z,ac399cd6-2fdf-4659-b8e5-baea54075017,yes,,,0,0,0,401,(err),auth_fail,
206,5b76a6d2-b13f-4b1f-e288-08de0670527f,vch,38580,St. Clair and Caledonia,Active,,,cleanup_lambda:rollback-2026-04-24,2026-04-24T18:06:31.650068Z,2025-10-08T14:40:15.252447Z,2026-04-24T18:06:41.623450Z,74cf336c-f671-45ad-ba7b-193d4f2540f1,yes,,,0,0,0,200,Active,active,
1029,584d0a54-a23c-48e8-a041-08de8f388c7e,autopatrol,41070,Stored Video,Active,,,,,2026-04-07T18:50:59.626324Z,2026-04-07T18:51:37.539137Z,37575b9e-59eb-43dd-8c91-b8ad1bc470db,yes,1775678401,15.9,26,0,26,,(exc),other,
52,908fb9fc-1ca3-40ba-b9e1-08ddc53a8a29,vch,36008,Summerdale Laundromat-AIS,Active,,,,,2025-07-22T17:01:06.892354Z,2025-07-22T17:02:07.677339Z,ac399cd6-2fdf-4659-b8e5-baea54075017,yes,,,0,0,0,401,(err),auth_fail,
69,66fedc2d-00bf-4713-b9d0-08ddc53a8a29,vch,36025,Sunbelt Crushing-AIS,Active,,,,,2025-07-22T17:01:28.232900Z,2025-07-22T17:02:21.488575Z,ac399cd6-2fdf-4659-b8e5-baea54075017,yes,,,0,0,0,401,(err),auth_fail,
163,37c219ed-80c8-4d09-8819-08ddf582ce91,vch,37992,Swansea Office CS (1),Active,,,,,2025-09-18T04:06:03.426342Z,2025-09-18T04:06:20.358656Z,1419710a-2fcb-4b53-8d0b-404a42f889ed,yes,,,0,0,0,200,Active,active,
43,6e321af6-c4e7-4dd9-b9ea-08ddc53a8a29,vch,35999,Sylacauga Marine and ATV-AIS,Active,,,,,2025-07-22T17:00:55.675056Z,2025-07-22T17:02:00.252153Z,ac399cd6-2fdf-4659-b8e5-baea54075017,yes,,,0,0,0,401,(err),auth_fail,
137,2f9a6b67-830c-492e-02ae-08dde70262a5,vch,37460,Tampa Office CS,Active,,,,,2025-08-29T14:35:19.533379Z,2026-03-30T20:42:48.858592Z,1419710a-2fcb-4b53-8d0b-404a42f889ed,yes,,,0,0,0,200,Active,active,
162,7b2a6fed-62bb-48e7-881a-08ddf582ce91,vch,37991,Tampa Office CS (1),Active,,,,,2025-09-18T04:06:02.240499Z,2025-09-18T04:06:19.531019Z,1419710a-2fcb-4b53-8d0b-404a42f889ed,yes,,,0,0,0,200,Active,active,
108,abefd4e8-bc3d-4fbd-786a-08ddcb586af6,vch,36259,Tandy Leather - iWatch,Active,,,,,2025-07-29T16:40:26.343913Z,2025-08-27T14:30:49.862355Z,ac399cd6-2fdf-4659-b8e5-baea54075017,yes,,,0,0,0,401,(err),auth_fail,
334,3d114cd3-d6dd-4ec4-49e5-08de4f8a91c4,vch,41263,Tate's Tire Pro's and Auto Service,Active,,,,,2026-01-13T20:37:35.068095Z,2026-01-13T20:38:17.297001Z,7b533b5a-a071-43ab-beb9-fb1cb9ea4ce1,yes,,,0,0,0,200,Active,active,
236,5a16a0fe-ef78-4279-c533-08de1b193ea0,vch,39419,Testing site,Active,,,,,2025-11-05T15:10:27.442311Z,2025-11-05T15:10:45.442752Z,47dc2c1f-5c19-43fb-b5d5-753c5e96eb14,yes,,,0,0,0,400,(err),gone_400,
199,340f44e3-3992-4a77-e281-08de0670527f,autopatrol,37837,Test - RTSP\Generic,Deleted,,,,,2025-10-08T13:45:29.968922Z,2025-10-08T13:45:29.968940Z,37575b9e-59eb-43dd-8c91-b8ad1bc470db,yes,,,0,0,0,,(exc),other,
255,34939039-3eaf-47a5-1339-08de33786521,vch,37837,Test - RTSP\Generic,Deleted,,,,,2025-12-09T13:07:33.494650Z,2025-12-09T13:07:33.494667Z,37575b9e-59eb-43dd-8c91-b8ad1bc470db,yes,,,0,0,0,,(exc),other,
238,74c0a8ba-1fc2-4a16-c537-08de1b193ea0,vch,37837,Test - RTSP\Generic,Deleted,,,,,2025-11-06T18:11:17.586917Z,2025-11-06T18:11:17.586934Z,37575b9e-59eb-43dd-8c91-b8ad1bc470db,yes,,,0,0,0,,(exc),other,
1028,6d26cde3-dad6-43de-a040-08de8f388c7e,autopatrol,37837,Test - RTSP\Generic,Active,,,,,2026-04-07T17:41:03.690280Z,2026-04-07T17:41:39.097581Z,37575b9e-59eb-43dd-8c91-b8ad1bc470db,yes,1775678401,15.9,27,0,27,,(exc),other,
114,9dae6d58-79fc-4f40-7864-08ddcb586af6,vch,36265,The Hemp Company in Raleigh - IWatch,Active,,,,,2025-07-29T16:40:34.140916Z,2025-08-27T14:30:55.570348Z,ac399cd6-2fdf-4659-b8e5-baea54075017,yes,,,0,0,0,401,(err),auth_fail,
115,2bc2dafe-b340-4383-7863-08ddcb586af6,vch,36266,The Hemp Company in Wake Forest - iWatch,Active,,,,,2025-07-29T16:40:35.381049Z,2025-08-27T14:30:56.376338Z,ac399cd6-2fdf-4659-b8e5-baea54075017,yes,,,0,0,0,401,(err),auth_fail,
926,d4bbca21-eb63-4275-efa2-08de8c302866,vch,45107,"Transwestern - Houston, TX",Active,,,,,2026-03-28T20:27:03.483874Z,2026-03-28T20:27:22.175434Z,7b533b5a-a071-43ab-beb9-fb1cb9ea4ce1,yes,,,0,0,0,200,Active,active,
959,db5eb770-edb7-45f3-a03b-08de8f388c7e,vch,38737,ULTA #0583 PARKWAY PLAZA (4666517),Active,,,,,2026-04-01T14:45:59.719628Z,2026-04-08T18:38:18.342652Z,f858b03b-2a85-4771-89d5-dbf62456ed7b,yes,,,0,0,0,200,Deleted,gone_explicit,
40,09693904-ad99-4df8-b9ed-08ddc53a8a29,vch,35996,Urology Associates Airport Road-AIS,Active,,,,,2025-07-22T17:00:51.920117Z,2025-07-22T17:01:57.856827Z,ac399cd6-2fdf-4659-b8e5-baea54075017,yes,,,0,0,0,401,(err),auth_fail,
41,d2d13500-2147-4ae7-b9ec-08ddc53a8a29,vch,35997,Urology Associates Mobile Infirmary-AIS,Active,,,,,2025-07-22T17:00:53.199696Z,2025-07-22T17:01:58.639494Z,ac399cd6-2fdf-4659-b8e5-baea54075017,yes,,,0,0,0,401,(err),auth_fail,
366,db49f5de-4316-4820-865c-08de6b14f39b,autopatrol,42600,user test site,Paused,,,,,2026-02-17T18:52:29.713739Z,2026-02-17T20:54:27.857116Z,37575b9e-59eb-43dd-8c91-b8ad1bc470db,yes,,,0,0,0,,(exc),other,
156,6033935c-45c1-421d-c2e0-08ddf467938d,vch,37621,VCH 1,Active,,,,,2025-09-15T14:55:20.094853Z,2025-09-15T14:55:36.727399Z,1419710a-2fcb-4b53-8d0b-404a42f889ed,yes,,,0,0,0,200,Active,active,
139,844f1b02-38c3-4dc7-02b4-08dde70262a5,vch,37621,VCH 1,Active,,,,,2025-09-05T15:10:17.685797Z,2025-09-05T15:10:33.093542Z,1419710a-2fcb-4b53-8d0b-404a42f889ed,yes,,,0,0,0,200,Active,active,
140,8e882917-c655-4dd4-02b3-08dde70262a5,vch,37621,VCH 1,Deleted,,,,,2025-09-05T15:11:07.880004Z,2025-09-05T15:11:07.880027Z,1419710a-2fcb-4b53-8d0b-404a42f889ed,yes,,,0,0,0,200,Deleted,gone_explicit,
431,4ea364f8-5825-4502-865b-08de6b14f39b,autopatrol,42689,VCH Demo Site,Deleted,,,,,2026-02-19T15:34:49.816011Z,2026-02-19T15:34:49.816034Z,dfda7621-f1d3-4469-b6df-dea988fd81a9,yes,,,0,0,0,200,Deleted,gone_explicit,
430,db0d5eaf-902b-40c7-8661-08de6b14f39b,vch,42689,VCH Demo Site,Paused,,,,,2026-02-19T15:32:36.753278Z,2026-02-19T15:39:54.336593Z,dfda7621-f1d3-4469-b6df-dea988fd81a9,yes,,,0,0,0,200,Paused,paused_manual_review,
629,f123ae8f-8c68-46fd-2f4b-08de794c2d73,vch,43632,VCH Test Site - VID9999,Active,,,,,2026-03-04T18:56:18.022198Z,2026-03-04T19:41:43.052305Z,69e1fb38-3413-4023-b6f8-c3d687bd6f61,yes,,,0,0,0,400,(err),gone_400,
141,805fc929-2e78-4a82-02b5-08dde70262a5,vch,37628,VCH US,Active,,,,,2025-09-05T18:10:18.883208Z,2025-09-05T18:10:34.828363Z,1419710a-2fcb-4b53-8d0b-404a42f889ed,yes,,,0,0,0,200,Active,active,
350,fe1db3ed-b742-4c59-a4d8-08de5db25460,autopatrol,41178,Vehicle Test,Active,,,,,2026-01-28T14:12:38.961743Z,2026-04-10T18:36:32.538777Z,37575b9e-59eb-43dd-8c91-b8ad1bc470db,yes,1776132002,10.7,131,0,203,,(exc),other,
1057,f03a4928-1f91-43f7-3871-08dea13d817e,vch,46292,Victoria - Demo,Deleted,,,,,2026-04-23T15:48:46.288819Z,2026-04-23T15:48:46.288831Z,be2da6ac-850e-4685-a874-d1e0c4b9e6f9,yes,,,0,0,0,200,Deleted,gone_explicit,
214,05f2730c-cd34-44ca-6a4f-08de07409dfa,vch,39221,Victoria - EE Demo,Deleted,,,,,2025-10-30T15:05:40.991066Z,2025-10-30T15:05:40.991086Z,be2da6ac-850e-4685-a874-d1e0c4b9e6f9,yes,,,0,0,0,200,Deleted,gone_explicit,
213,ff963f83-b509-4ca3-6a50-08de07409dfa,vch,39221,Victoria - EE Demo,Active,,,,,2025-10-30T15:05:14.458934Z,2025-10-30T15:05:22.614027Z,be2da6ac-850e-4685-a874-d1e0c4b9e6f9,yes,,,0,0,0,200,Deleted,gone_explicit,
215,a13d25c9-98ec-49b5-6a4e-08de07409dfa,vch,39221,Victoria - EE Demo,Deleted,,,,,2025-10-30T15:05:41.778582Z,2025-10-30T15:05:41.778610Z,be2da6ac-850e-4685-a874-d1e0c4b9e6f9,yes,,,0,0,0,200,Deleted,gone_explicit,
216,28d0aedc-7aac-48b7-6a4d-08de07409dfa,vch,39221,Victoria - EE Demo,Deleted,,,,,2025-10-30T15:05:42.430746Z,2025-10-30T15:05:42.430764Z,be2da6ac-850e-4685-a874-d1e0c4b9e6f9,yes,,,0,0,0,200,Deleted,gone_explicit,
32,ca2b9dd2-62d8-42ba-b9f5-08ddc53a8a29,vch,35988,VSF Corporation - AIS,Active,,,,,2025-07-22T17:00:42.004251Z,2025-07-22T17:01:51.238417Z,ac399cd6-2fdf-4659-b8e5-baea54075017,yes,,,0,0,0,401,(err),auth_fail,
60,72dac64f-73bc-482e-b9d9-08ddc53a8a29,vch,36016,WASH VENTURES-ELBERTA-AIS,Active,,,,,2025-07-22T17:01:17.162310Z,2025-07-22T17:02:14.006948Z,ac399cd6-2fdf-4659-b8e5-baea54075017,yes,,,0,0,0,401,(err),auth_fail,
81,aed7860a-4e41-42dc-ba04-08ddc53a8a29,vch,36040,Williamsburg Building 14- Kiska Solutions,Active,,,,,2025-07-22T18:45:05.269295Z,2025-08-27T14:30:50.637593Z,ac399cd6-2fdf-4659-b8e5-baea54075017,yes,,,0,0,0,401,(err),auth_fail,
82,5478b04e-c0a0-4014-ba05-08ddc53a8a29,vch,36041,Williamsburg Building 16- Kiska Solutions,Active,,,,,2025-07-22T18:50:04.997837Z,2025-08-27T14:30:47.471414Z,ac399cd6-2fdf-4659-b8e5-baea54075017,yes,,,0,0,0,401,(err),auth_fail,
80,4c3130d5-64e0-4ada-ba03-08ddc53a8a29,vch,36038,Williamsburg Building 17- Kiska Solutions,Active,,,,,2025-07-22T18:35:04.284494Z,2025-08-27T14:30:46.581729Z,ac399cd6-2fdf-4659-b8e5-baea54075017,yes,,,0,0,0,401,(err),auth_fail,
24,6c790ccf-fdb5-494f-b9fd-08ddc53a8a29,vch,35980,WTSJ (AKA Safe Storage Milton) - AIS,Active,,,,,2025-07-22T17:00:32.242399Z,2025-07-22T17:01:44.858580Z,ac399cd6-2fdf-4659-b8e5-baea54075017,yes,,,0,0,0,401,(err),auth_fail,
22,39331471-823b-4d25-b9ff-08ddc53a8a29,vch,35978,YMCA - Spencer Ruggs - AIS,Active,,,,,2025-07-22T17:00:29.513331Z,2025-07-22T17:01:43.204055Z,ac399cd6-2fdf-4659-b8e5-baea54075017,yes,,,0,0,0,401,(err),auth_fail,
